,path1,path2,lch,tree1,tree2,matriz,path_sim,LCh,wup,normalizada,levenstein,humans,w1,w2
0,"{Synset('cord.n.02'): 0, Synset('volume_unit.n.01'): 1, Synset('unit_of_measurement.n.01'): 2, Synset('definite_quantity.n.01'): 3, Synset('measure.n.02'): 4, Synset('abstraction.n.06'): 5, Synset('entity.n.01'): 6, Synset('*ROOT*'): 7}","{Synset('smile.n.01'): 0, Synset('facial_expression.n.01'): 1, Synset('gesture.n.02'): 2, Synset('visual_communication.n.01'): 3, Synset('communication.n.02'): 4, Synset('abstraction.n.06'): 5, Synset('entity.n.01'): 6, Synset('*ROOT*'): 7}",Synset('abstraction.n.06'),"[Synset('cord.n.02'), Synset('volume_unit.n.01'), Synset('unit_of_measurement.n.01'), Synset('definite_quantity.n.01'), Synset('measure.n.02'), Synset('abstraction.n.06')]","[Synset('smile.n.01'), Synset('facial_expression.n.01'), Synset('gesture.n.02'), Synset('visual_communication.n.01'), Synset('communication.n.02'), Synset('abstraction.n.06')]","{0: {0: 0, 1: 1, 2: 2, 3: 3, 4: 4, 5: 5, 6: 6}, 1: {0: 1, 1: 1, 2: 2, 3: 3, 4: 4, 5: 5, 6: 6}, 2: {0: 2, 1: 2, 2: 2, 3: 3, 4: 4, 5: 5, 6: 6}, 3: {0: 3, 1: 3, 2: 3, 3: 3, 4: 4, 5: 5, 6: 6}, 4: {0: 4, 1: 4, 2: 4, 3: 4, 4: 4, 5: 5, 6: 6}, 5: {0: 5, 1: 5, 2: 5, 3: 5, 4: 5, 5: 5, 6: 6}, 6: {0: 6, 1: 6, 2: 6, 3: 6, 4: 6, 5: 6, 6: 5}}",0.090909091,1.239690887,0.285714286,0.375,5,0.02,cord,smile
1,"{Synset('cock.n.04'): 0, Synset('chicken.n.02'): 1, Synset('domestic_fowl.n.01'): 2, Synset('gallinaceous_bird.n.01'): 3, Synset('bird.n.01'): 4, Synset('vertebrate.n.01'): 5, Synset('chordate.n.01'): 6, Synset('animal.n.01'): 7, Synset('organism.n.01'): 8, Synset('living_thing.n.01'): 9, Synset('whole.n.02'): 10, Synset('object.n.01'): 11, Synset('physical_entity.n.01'): 12, Synset('entity.n.01'): 13, Synset('*ROOT*'): 14}","{Synset('ocean_trip.n.01'): 0, Synset('water_travel.n.01'): 1, Synset('travel.n.01'): 2, Synset('motion.n.06'): 3, Synset('change.n.03'): 4, Synset('action.n.01'): 5, Synset('act.n.02'): 6, Synset('event.n.01'): 7, Synset('psychological_feature.n.01'): 8, Synset('abstraction.n.06'): 9, Synset('entity.n.01'): 10, Synset('*ROOT*'): 11}",Synset('entity.n.01'),"[Synset('cock.n.04'), Synset('chicken.n.02'), Synset('domestic_fowl.n.01'), Synset('gallinaceous_bird.n.01'), Synset('bird.n.01'), Synset('vertebrate.n.01'), Synset('chordate.n.01'), Synset('animal.n.01'), Synset('organism.n.01'), Synset('living_thing.n.01'), Synset('whole.n.02'), Synset('object.n.01'), Synset('physical_entity.n.01'), Synset('entity.n.01')]","[Synset('ocean_trip.n.01'), Synset('water_travel.n.01'), Synset('travel.n.01'), Synset('motion.n.06'), Synset('change.n.03'), Synset('action.n.01'), Synset('act.n.02'), Synset('event.n.01'), Synset('psychological_feature.n.01'), Synset('abstraction.n.06'), Synset('entity.n.01')]","{0: {0: 0, 1: 1, 2: 2, 3: 3, 4: 4, 5: 5, 6: 6, 7: 7, 8: 8, 9: 9, 10: 10, 11: 11}, 1: {0: 1, 1: 1, 2: 2, 3: 3, 4: 4, 5: 5, 6: 6, 7: 7, 8: 8, 9: 9, 10: 10, 11: 11}, 2: {0: 2, 1: 2, 2: 2, 3: 3, 4: 4, 5: 5, 6: 6, 7: 7, 8: 8, 9: 9, 10: 10, 11: 11}, 3: {0: 3, 1: 3, 2: 3, 3: 3, 4: 4, 5: 5, 6: 6, 7: 7, 8: 8, 9: 9, 10: 10, 11: 11}, 4: {0: 4, 1: 4, 2: 4, 3: 4, 4: 4, 5: 5, 6: 6, 7: 7, 8: 8, 9: 9, 10: 10, 11: 11}, 5: {0: 5, 1: 5, 2: 5, 3: 5, 4: 5, 5: 5, 6: 6, 7: 7, 8: 8, 9: 9, 10: 10, 11: 11}, 6: {0: 6, 1: 6, 2: 6, 3: 6, 4: 6, 5: 6, 6: 6, 7: 7, 8: 8, 9: 9, 10: 10, 11: 11}, 7: {0: 7, 1: 7, 2: 7, 3: 7, 4: 7, 5: 7, 6: 7, 7: 7, 8: 8, 9: 9, 10: 10, 11: 11}, 8: {0: 8, 1: 8, 2: 8, 3: 8, 4: 8, 5: 8, 6: 8, 7: 8, 8: 8, 9: 9, 10: 10, 11: 11}, 9: {0: 9, 1: 9, 2: 9, 3: 9, 4: 9, 5: 9, 6: 9, 7: 9, 8: 9, 9: 9, 10: 10, 11: 11}, 10: {0: 10, 1: 10, 2: 10, 3: 10, 4: 10, 5: 10, 6: 10, 7: 10, 8: 10, 9: 10, 10: 10, 11: 11}, 11: {0: 11, 1: 11, 2: 11, 3: 11, 4: 11, 5: 11, 6: 11, 7: 11, 8: 11, 9: 11, 10: 11, 11: 11}, 12: {0: 12, 1: 12, 2: 12, 3: 12, 4: 12, 5: 12, 6: 12, 7: 12, 8: 12, 9: 12, 10: 12, 11: 12}, 13: {0: 13, 1: 13, 2: 13, 3: 13, 4: 13, 5: 13, 6: 13, 7: 13, 8: 13, 9: 13, 10: 13, 11: 13}, 14: {0: 14, 1: 14, 2: 14, 3: 14, 4: 14, 5: 14, 6: 14, 7: 14, 8: 14, 9: 14, 10: 14, 11: 13}}",0.041666667,0.459532329,0.08,0.133333333,13,0.04,rooster,voyage
2,"{Synset('noon.n.01'): 0, Synset('hour.n.02'): 1, Synset('clock_time.n.01'): 2, Synset('reading.n.03'): 3, Synset('datum.n.01'): 4, Synset('information.n.02'): 5, Synset('cognition.n.01'): 6, Synset('psychological_feature.n.01'): 7, Synset('abstraction.n.06'): 8, Synset('entity.n.01'): 9, Synset('*ROOT*'): 10}","{Synset('string.n.04'): 0, Synset('series.n.01'): 1, Synset('ordering.n.01'): 2, Synset('arrangement.n.02'): 3, Synset('group.n.01'): 4, Synset('abstraction.n.06'): 5, Synset('entity.n.01'): 6, Synset('*ROOT*'): 7}",Synset('abstraction.n.06'),"[Synset('noon.n.01'), Synset('hour.n.02'), Synset('clock_time.n.01'), Synset('reading.n.03'), Synset('datum.n.01'), Synset('information.n.02'), Synset('cognition.n.01'), Synset('psychological_feature.n.01'), Synset('abstraction.n.06')]","[Synset('string.n.04'), Synset('series.n.01'), Synset('ordering.n.01'), Synset('arrangement.n.02'), Synset('group.n.01'), Synset('abstraction.n.06')]","{0: {0: 0, 1: 1, 2: 2, 3: 3, 4: 4, 5: 5, 6: 6}, 1: {0: 1, 1: 1, 2: 2, 3: 3, 4: 4, 5: 5, 6: 6}, 2: {0: 2, 1: 2, 2: 2, 3: 3, 4: 4, 5: 5, 6: 6}, 3: {0: 3, 1: 3, 2: 3, 3: 3, 4: 4, 5: 5, 6: 6}, 4: {0: 4, 1: 4, 2: 4, 3: 4, 4: 4, 5: 5, 6: 6}, 5: {0: 5, 1: 5, 2: 5, 3: 5, 4: 5, 5: 5, 6: 6}, 6: {0: 6, 1: 6, 2: 6, 3: 6, 4: 6, 5: 6, 6: 6}, 7: {0: 7, 1: 7, 2: 7, 3: 7, 4: 7, 5: 7, 6: 7}, 8: {0: 8, 1: 8, 2: 8, 3: 8, 4: 8, 5: 8, 6: 8}, 9: {0: 9, 1: 9, 2: 9, 3: 9, 4: 9, 5: 9, 6: 8}}",0.071428571,0.99852883,0.235294118,0.272727273,8,0.04,noon,string
3,"{Synset('yield.n.03'): 0, Synset('product.n.02'): 1, Synset('creation.n.02'): 2, Synset('artifact.n.01'): 3, Synset('whole.n.02'): 4, Synset('object.n.01'): 5, Synset('physical_entity.n.01'): 6, Synset('entity.n.01'): 7, Synset('*ROOT*'): 8}","{Synset('furnace.n.01'): 0, Synset('chamber.n.01'): 1, Synset('enclosure.n.01'): 2, Synset('area.n.05'): 3, Synset('structure.n.01'): 4, Synset('artifact.n.01'): 5, Synset('whole.n.02'): 6, Synset('object.n.01'): 7, Synset('physical_entity.n.01'): 8, Synset('entity.n.01'): 9, Synset('*ROOT*'): 10}",Synset('artifact.n.01'),"[Synset('yield.n.03'), Synset('product.n.02'), Synset('creation.n.02'), Synset('artifact.n.01')]","[Synset('furnace.n.01'), Synset('chamber.n.01'), Synset('enclosure.n.01'), Synset('area.n.05'), Synset('structure.n.01'), Synset('artifact.n.01')]","{0: {0: 0, 1: 1, 2: 2, 3: 3, 4: 4, 5: 5, 6: 6}, 1: {0: 1, 1: 1, 2: 2, 3: 3, 4: 4, 5: 5, 6: 6}, 2: {0: 2, 1: 2, 2: 2, 3: 3, 4: 4, 5: 5, 6: 6}, 3: {0: 3, 1: 3, 2: 3, 3: 3, 4: 4, 5: 5, 6: 6}, 4: {0: 4, 1: 4, 2: 4, 3: 4, 4: 4, 5: 5, 6: 5}}",0.111111111,1.440361582,0.555555556,0.545454545,5,0.05,fruit,furnace
4,"{Synset('autograph.n.01'): 0, Synset('writing.n.02'): 1, Synset('written_communication.n.01'): 2, Synset('communication.n.02'): 3, Synset('abstraction.n.06'): 4, Synset('entity.n.01'): 5, Synset('*ROOT*'): 6}","{Synset('shore.n.01'): 0, Synset('geological_formation.n.01'): 1, Synset('object.n.01'): 2, Synset('physical_entity.n.01'): 3, Synset('entity.n.01'): 4, Synset('*ROOT*'): 5}",Synset('entity.n.01'),"[Synset('autograph.n.01'), Synset('writing.n.02'), Synset('written_communication.n.01'), Synset('communication.n.02'), Synset('abstraction.n.06'), Synset('entity.n.01')]","[Synset('shore.n.01'), Synset('geological_formation.n.01'), Synset('object.n.01'), Synset('physical_entity.n.01'), Synset('entity.n.01')]","{0: {0: 0, 1: 1, 2: 2, 3: 3, 4: 4, 5: 5}, 1: {0: 1, 1: 1, 2: 2, 3: 3, 4: 4, 5: 5}, 2: {0: 2, 1: 2, 2: 2, 3: 3, 4: 4, 5: 5}, 3: {0: 3, 1: 3, 2: 3, 3: 3, 4: 4, 5: 5}, 4: {0: 4, 1: 4, 2: 4, 3: 4, 4: 4, 5: 5}, 5: {0: 5, 1: 5, 2: 5, 3: 5, 4: 5, 5: 5}, 6: {0: 6, 1: 6, 2: 6, 3: 6, 4: 6, 5: 5}}",0.1,1.335001067,0.181818182,0.285714286,5,0.06,autograph,shore
5,"{Synset('car.n.01'): 0, Synset('motor_vehicle.n.01'): 1, Synset('self-propelled_vehicle.n.01'): 2, Synset('wheeled_vehicle.n.01'): 3, Synset('container.n.01'): 4, Synset('vehicle.n.01'): 4, Synset('instrumentality.n.03'): 5, Synset('conveyance.n.03'): 5, Synset('artifact.n.01'): 6, Synset('whole.n.02'): 7, Synset('object.n.01'): 8, Synset('physical_entity.n.01'): 9, Synset('entity.n.01'): 10, Synset('*ROOT*'): 11}","{Synset('ace.n.03'): 0, Synset('expert.n.01'): 1, Synset('person.n.01'): 2, Synset('causal_agent.n.01'): 3, Synset('organism.n.01'): 3, Synset('physical_entity.n.01'): 4, Synset('living_thing.n.01'): 4, Synset('entity.n.01'): 5, Synset('whole.n.02'): 5, Synset('object.n.01'): 6, Synset('*ROOT*'): 7}",Synset('whole.n.02'),"[Synset('car.n.01'), Synset('motor_vehicle.n.01'), Synset('self-propelled_vehicle.n.01'), Synset('wheeled_vehicle.n.01'), Synset('container.n.01'), Synset('vehicle.n.01'), Synset('instrumentality.n.03'), Synset('conveyance.n.03'), Synset('artifact.n.01'), Synset('whole.n.02')]","[Synset('ace.n.03'), Synset('expert.n.01'), Synset('person.n.01'), Synset('causal_agent.n.01'), Synset('organism.n.01'), Synset('physical_entity.n.01'), Synset('living_thing.n.01'), Synset('entity.n.01'), Synset('whole.n.02')]","{0: {0: 0, 1: 1, 2: 2, 3: 3, 4: 4, 5: 5, 6: 6, 7: 7, 8: 8, 9: 9}, 1: {0: 1, 1: 1, 2: 2, 3: 3, 4: 4, 5: 5, 6: 6, 7: 7, 8: 8, 9: 9}, 2: {0: 2, 1: 2, 2: 2, 3: 3, 4: 4, 5: 5, 6: 6, 7: 7, 8: 8, 9: 9}, 3: {0: 3, 1: 3, 2: 3, 3: 3, 4: 4, 5: 5, 6: 6, 7: 7, 8: 8, 9: 9}, 4: {0: 4, 1: 4, 2: 4, 3: 4, 4: 4, 5: 5, 6: 6, 7: 7, 8: 8, 9: 9}, 5: {0: 5, 1: 5, 2: 5, 3: 5, 4: 5, 5: 5, 6: 6, 7: 7, 8: 8, 9: 9}, 6: {0: 6, 1: 6, 2: 6, 3: 6, 4: 6, 5: 6, 6: 6, 7: 7, 8: 8, 9: 9}, 7: {0: 7, 1: 7, 2: 7, 3: 7, 4: 7, 5: 7, 6: 7, 7: 7, 8: 8, 9: 9}, 8: {0: 8, 1: 8, 2: 8, 3: 8, 4: 8, 5: 8, 6: 8, 7: 8, 8: 8, 9: 9}, 9: {0: 9, 1: 9, 2: 9, 3: 9, 4: 9, 5: 9, 6: 9, 7: 9, 8: 9, 9: 9}, 10: {0: 10, 1: 10, 2: 10, 3: 10, 4: 10, 5: 10, 6: 10, 7: 10, 8: 10, 9: 9}}",0.076923077,1.072636802,0.4,0.357142857,9,0.11,automobile,wizard
6,"{Synset('mound.n.04'): 0, Synset('structure.n.01'): 1, Synset('artifact.n.01'): 2, Synset('whole.n.02'): 3, Synset('object.n.01'): 4, Synset('physical_entity.n.01'): 5, Synset('entity.n.01'): 6, Synset('*ROOT*'): 7}","{Synset('stove.n.01'): 0, Synset('kitchen_appliance.n.01'): 1, Synset('home_appliance.n.01'): 2, Synset('appliance.n.02'): 3, Synset('durables.n.01'): 4, Synset('consumer_goods.n.01'): 5, Synset('commodity.n.01'): 6, Synset('artifact.n.01'): 7, Synset('whole.n.02'): 8, Synset('object.n.01'): 9, Synset('physical_entity.n.01'): 10, Synset('entity.n.01'): 11, Synset('*ROOT*'): 12}",Synset('artifact.n.01'),"[Synset('mound.n.04'), Synset('structure.n.01'), Synset('artifact.n.01')]","[Synset('stove.n.01'), Synset('kitchen_appliance.n.01'), Synset('home_appliance.n.01'), Synset('appliance.n.02'), Synset('durables.n.01'), Synset('consumer_goods.n.01'), Synset('commodity.n.01'), Synset('artifact.n.01')]","{0: {0: 0, 1: 1, 2: 2, 3: 3, 4: 4, 5: 5, 6: 6, 7: 7, 8: 8}, 1: {0: 1, 1: 1, 2: 2, 3: 3, 4: 4, 5: 5, 6: 6, 7: 7, 8: 8}, 2: {0: 2, 1: 2, 2: 2, 3: 3, 4: 4, 5: 5, 6: 6, 7: 7, 8: 8}, 3: {0: 3, 1: 3, 2: 3, 3: 3, 4: 4, 5: 5, 6: 6, 7: 7, 8: 7}}",0.1,1.335001067,0.526315789,0.461538462,7,0.14,mound,stove
7,"{Synset('smile.n.01'): 0, Synset('facial_expression.n.01'): 1, Synset('gesture.n.02'): 2, Synset('visual_communication.n.01'): 3, Synset('communication.n.02'): 4, Synset('abstraction.n.06'): 5, Synset('entity.n.01'): 6, Synset('*ROOT*'): 7}","{Synset('implement.n.01'): 0, Synset('instrumentality.n.03'): 1, Synset('artifact.n.01'): 2, Synset('whole.n.02'): 3, Synset('object.n.01'): 4, Synset('physical_entity.n.01'): 5, Synset('entity.n.01'): 6, Synset('*ROOT*'): 7}",Synset('entity.n.01'),"[Synset('smile.n.01'), Synset('facial_expression.n.01'), Synset('gesture.n.02'), Synset('visual_communication.n.01'), Synset('communication.n.02'), Synset('abstraction.n.06'), Synset('entity.n.01')]","[Synset('implement.n.01'), Synset('instrumentality.n.03'), Synset('artifact.n.01'), Synset('whole.n.02'), Synset('object.n.01'), Synset('physical_entity.n.01'), Synset('entity.n.01')]","{0: {0: 0, 1: 1, 2: 2, 3: 3, 4: 4, 5: 5, 6: 6, 7: 7}, 1: {0: 1, 1: 1, 2: 2, 3: 3, 4: 4, 5: 5, 6: 6, 7: 7}, 2: {0: 2, 1: 2, 2: 2, 3: 3, 4: 4, 5: 5, 6: 6, 7: 7}, 3: {0: 3, 1: 3, 2: 3, 3: 3, 4: 4, 5: 5, 6: 6, 7: 7}, 4: {0: 4, 1: 4, 2: 4, 3: 4, 4: 4, 5: 5, 6: 6, 7: 7}, 5: {0: 5, 1: 5, 2: 5, 3: 5, 4: 5, 5: 5, 6: 6, 7: 7}, 6: {0: 6, 1: 6, 2: 6, 3: 6, 4: 6, 5: 6, 6: 6, 7: 7}, 7: {0: 7, 1: 7, 2: 7, 3: 7, 4: 7, 5: 7, 6: 7, 7: 6}}",0.076923077,1.072636802,0.142857143,0.25,6,0.18,grin,implement
8,"{Synset('refuge.n.03'): 0, Synset('shelter.n.01'): 1, Synset('structure.n.01'): 2, Synset('artifact.n.01'): 3, Synset('whole.n.02'): 4, Synset('object.n.01'): 5, Synset('physical_entity.n.01'): 6, Synset('entity.n.01'): 7, Synset('*ROOT*'): 8}","{Synset('yield.n.03'): 0, Synset('product.n.02'): 1, Synset('creation.n.02'): 2, Synset('artifact.n.01'): 3, Synset('whole.n.02'): 4, Synset('object.n.01'): 5, Synset('physical_entity.n.01'): 6, Synset('entity.n.01'): 7, Synset('*ROOT*'): 8}",Synset('artifact.n.01'),"[Synset('refuge.n.03'), Synset('shelter.n.01'), Synset('structure.n.01'), Synset('artifact.n.01')]","[Synset('yield.n.03'), Synset('product.n.02'), Synset('creation.n.02'), Synset('artifact.n.01')]","{0: {0: 0, 1: 1, 2: 2, 3: 3, 4: 4}, 1: {0: 1, 1: 1, 2: 2, 3: 3, 4: 4}, 2: {0: 2, 1: 2, 2: 2, 3: 3, 4: 4}, 3: {0: 3, 1: 3, 2: 3, 3: 3, 4: 4}, 4: {0: 4, 1: 4, 2: 4, 3: 4, 4: 3}}",0.142857143,1.691676011,0.625,0.666666667,3,0.19,asylum,fruit
9,"{Synset('refuge.n.03'): 0, Synset('shelter.n.01'): 1, Synset('structure.n.01'): 2, Synset('artifact.n.01'): 3, Synset('whole.n.02'): 4, Synset('object.n.01'): 5, Synset('physical_entity.n.01'): 6, Synset('entity.n.01'): 7, Synset('*ROOT*'): 8}","{Synset('monk.n.01'): 0, Synset('religious.n.01'): 1, Synset('religious_person.n.01'): 2, Synset('person.n.01'): 3, Synset('causal_agent.n.01'): 4, Synset('organism.n.01'): 4, Synset('physical_entity.n.01'): 5, Synset('living_thing.n.01'): 5, Synset('entity.n.01'): 6, Synset('whole.n.02'): 6, Synset('object.n.01'): 7, Synset('*ROOT*'): 8}",Synset('whole.n.02'),"[Synset('refuge.n.03'), Synset('shelter.n.01'), Synset('structure.n.01'), Synset('artifact.n.01'), Synset('whole.n.02')]","[Synset('monk.n.01'), Synset('religious.n.01'), Synset('religious_person.n.01'), Synset('person.n.01'), Synset('causal_agent.n.01'), Synset('organism.n.01'), Synset('physical_entity.n.01'), Synset('living_thing.n.01'), Synset('entity.n.01'), Synset('whole.n.02')]","{0: {0: 0, 1: 1, 2: 2, 3: 3, 4: 4, 5: 5, 6: 6, 7: 7, 8: 8, 9: 9, 10: 10}, 1: {0: 1, 1: 1, 2: 2, 3: 3, 4: 4, 5: 5, 6: 6, 7: 7, 8: 8, 9: 9, 10: 10}, 2: {0: 2, 1: 2, 2: 2, 3: 3, 4: 4, 5: 5, 6: 6, 7: 7, 8: 8, 9: 9, 10: 10}, 3: {0: 3, 1: 3, 2: 3, 3: 3, 4: 4, 5: 5, 6: 6, 7: 7, 8: 8, 9: 9, 10: 10}, 4: {0: 4, 1: 4, 2: 4, 3: 4, 4: 4, 5: 5, 6: 6, 7: 7, 8: 8, 9: 9, 10: 10}, 5: {0: 5, 1: 5, 2: 5, 3: 5, 4: 5, 5: 5, 6: 6, 7: 7, 8: 8, 9: 9, 10: 9}}",0.090909091,1.239690887,0.444444444,0.25,9,0.39,asylum,monk
10,"{Synset('cemetery.n.01'): 0, Synset('site.n.01'): 1, Synset('tract.n.01'): 2, Synset('geographical_area.n.01'): 3, Synset('region.n.03'): 4, Synset('location.n.01'): 5, Synset('object.n.01'): 6, Synset('physical_entity.n.01'): 7, Synset('entity.n.01'): 8, Synset('*ROOT*'): 9}","{Synset('bedlam.n.02'): 0, Synset('mental_hospital.n.01'): 1, Synset('hospital.n.01'): 2, Synset('medical_building.n.01'): 3, Synset('building.n.01'): 4, Synset('structure.n.01'): 5, Synset('artifact.n.01'): 6, Synset('whole.n.02'): 7, Synset('object.n.01'): 8, Synset('physical_entity.n.01'): 9, Synset('entity.n.01'): 10, Synset('*ROOT*'): 11}",Synset('object.n.01'),"[Synset('cemetery.n.01'), Synset('site.n.01'), Synset('tract.n.01'), Synset('geographical_area.n.01'), Synset('region.n.03'), Synset('location.n.01'), Synset('object.n.01')]","[Synset('bedlam.n.02'), Synset('mental_hospital.n.01'), Synset('hospital.n.01'), Synset('medical_building.n.01'), Synset('building.n.01'), Synset('structure.n.01'), Synset('artifact.n.01'), Synset('whole.n.02'), Synset('object.n.01')]","{0: {0: 0, 1: 1, 2: 2, 3: 3, 4: 4, 5: 5, 6: 6, 7: 7, 8: 8, 9: 9}, 1: {0: 1, 1: 1, 2: 2, 3: 3, 4: 4, 5: 5, 6: 6, 7: 7, 8: 8, 9: 9}, 2: {0: 2, 1: 2, 2: 2, 3: 3, 4: 4, 5: 5, 6: 6, 7: 7, 8: 8, 9: 9}, 3: {0: 3, 1: 3, 2: 3, 3: 3, 4: 4, 5: 5, 6: 6, 7: 7, 8: 8, 9: 9}, 4: {0: 4, 1: 4, 2: 4, 3: 4, 4: 4, 5: 5, 6: 6, 7: 7, 8: 8, 9: 9}, 5: {0: 5, 1: 5, 2: 5, 3: 5, 4: 5, 5: 5, 6: 6, 7: 7, 8: 8, 9: 9}, 6: {0: 6, 1: 6, 2: 6, 3: 6, 4: 6, 5: 6, 6: 6, 7: 7, 8: 8, 9: 9}, 7: {0: 7, 1: 7, 2: 7, 3: 7, 4: 7, 5: 7, 6: 7, 7: 7, 8: 8, 9: 8}}",0.066666667,0.929535959,0.3,0.333333333,8,0.42,graveyard,madhouse
11,"{Synset('glass.n.01'): 0, Synset('solid.n.01'): 1, Synset('matter.n.03'): 2, Synset('physical_entity.n.01'): 3, Synset('entity.n.01'): 4, Synset('*ROOT*'): 5}","{Synset('magician.n.01'): 0, Synset('performer.n.01'): 1, Synset('entertainer.n.01'): 2, Synset('person.n.01'): 3, Synset('causal_agent.n.01'): 4, Synset('organism.n.01'): 4, Synset('physical_entity.n.01'): 5, Synset('living_thing.n.01'): 5, Synset('entity.n.01'): 6, Synset('whole.n.02'): 6, Synset('object.n.01'): 7, Synset('*ROOT*'): 8}",Synset('physical_entity.n.01'),"[Synset('glass.n.01'), Synset('solid.n.01'), Synset('matter.n.03'), Synset('physical_entity.n.01')]","[Synset('magician.n.01'), Synset('performer.n.01'), Synset('entertainer.n.01'), Synset('person.n.01'), Synset('causal_agent.n.01'), Synset('organism.n.01'), Synset('physical_entity.n.01')]","{0: {0: 0, 1: 1, 2: 2, 3: 3, 4: 4, 5: 5, 6: 6, 7: 7}, 1: {0: 1, 1: 1, 2: 2, 3: 3, 4: 4, 5: 5, 6: 6, 7: 7}, 2: {0: 2, 1: 2, 2: 2, 3: 3, 4: 4, 5: 5, 6: 6, 7: 7}, 3: {0: 3, 1: 3, 2: 3, 3: 3, 4: 4, 5: 5, 6: 6, 7: 7}, 4: {0: 4, 1: 4, 2: 4, 3: 4, 4: 4, 5: 5, 6: 6, 7: 6}}",0.111111111,1.440361582,0.333333333,0.5,6,0.44,glass,magician
12,"{Synset('male_child.n.01'): 0, Synset('male.n.02'): 1, Synset('person.n.01'): 2, Synset('causal_agent.n.01'): 3, Synset('organism.n.01'): 3, Synset('physical_entity.n.01'): 4, Synset('living_thing.n.01'): 4, Synset('entity.n.01'): 5, Synset('whole.n.02'): 5, Synset('object.n.01'): 6, Synset('*ROOT*'): 7}","{Synset('cock.n.04'): 0, Synset('chicken.n.02'): 1, Synset('domestic_fowl.n.01'): 2, Synset('gallinaceous_bird.n.01'): 3, Synset('bird.n.01'): 4, Synset('vertebrate.n.01'): 5, Synset('chordate.n.01'): 6, Synset('animal.n.01'): 7, Synset('organism.n.01'): 8, Synset('living_thing.n.01'): 9, Synset('whole.n.02'): 10, Synset('object.n.01'): 11, Synset('physical_entity.n.01'): 12, Synset('entity.n.01'): 13, Synset('*ROOT*'): 14}",Synset('organism.n.01'),"[Synset('male_child.n.01'), Synset('male.n.02'), Synset('person.n.01'), Synset('causal_agent.n.01'), Synset('organism.n.01')]","[Synset('cock.n.04'), Synset('chicken.n.02'), Synset('domestic_fowl.n.01'), Synset('gallinaceous_bird.n.01'), Synset('bird.n.01'), Synset('vertebrate.n.01'), Synset('chordate.n.01'), Synset('animal.n.01'), Synset('organism.n.01')]","{0: {0: 0, 1: 1, 2: 2, 3: 3, 4: 4, 5: 5, 6: 6, 7: 7, 8: 8, 9: 9}, 1: {0: 1, 1: 1, 2: 2, 3: 3, 4: 4, 5: 5, 6: 6, 7: 7, 8: 8, 9: 9}, 2: {0: 2, 1: 2, 2: 2, 3: 3, 4: 4, 5: 5, 6: 6, 7: 7, 8: 8, 9: 9}, 3: {0: 3, 1: 3, 2: 3, 3: 3, 4: 4, 5: 5, 6: 6, 7: 7, 8: 8, 9: 9}, 4: {0: 4, 1: 4, 2: 4, 3: 4, 4: 4, 5: 5, 6: 6, 7: 7, 8: 8, 9: 9}, 5: {0: 5, 1: 5, 2: 5, 3: 5, 4: 5, 5: 5, 6: 6, 7: 7, 8: 8, 9: 8}}",0.083333333,1.15267951,0.52173913,0.466666667,8,0.44,boy,rooster
13,"{Synset('cushion.n.02'): 0, Synset('layer.n.01'): 1, Synset('artifact.n.01'): 2, Synset('whole.n.02'): 3, Synset('object.n.01'): 4, Synset('physical_entity.n.01'): 5, Synset('entity.n.01'): 6, Synset('*ROOT*'): 7}","{Synset('jewel.n.01'): 0, Synset('jewelry.n.01'): 1, Synset('adornment.n.01'): 2, Synset('decoration.n.01'): 3, Synset('artifact.n.01'): 4, Synset('whole.n.02'): 5, Synset('object.n.01'): 6, Synset('physical_entity.n.01'): 7, Synset('entity.n.01'): 8, Synset('*ROOT*'): 9}",Synset('artifact.n.01'),"[Synset('cushion.n.02'), Synset('layer.n.01'), Synset('artifact.n.01')]","[Synset('jewel.n.01'), Synset('jewelry.n.01'), Synset('adornment.n.01'), Synset('decoration.n.01'), Synset('artifact.n.01')]","{0: {0: 0, 1: 1, 2: 2, 3: 3, 4: 4, 5: 5}, 1: {0: 1, 1: 1, 2: 2, 3: 3, 4: 4, 5: 5}, 2: {0: 2, 1: 2, 2: 2, 3: 3, 4: 4, 5: 5}, 3: {0: 3, 1: 3, 2: 3, 3: 3, 4: 4, 5: 4}}",0.142857143,1.691676011,0.625,0.6,4,0.45,cushion,jewel
14,"{Synset('monk.n.01'): 0, Synset('religious.n.01'): 1, Synset('religious_person.n.01'): 2, Synset('person.n.01'): 3, Synset('causal_agent.n.01'): 4, Synset('organism.n.01'): 4, Synset('physical_entity.n.01'): 5, Synset('living_thing.n.01'): 5, Synset('entity.n.01'): 6, Synset('whole.n.02'): 6, Synset('object.n.01'): 7, Synset('*ROOT*'): 8}","{Synset('slave.n.01'): 0, Synset('person.n.01'): 1, Synset('causal_agent.n.01'): 2, Synset('organism.n.01'): 2, Synset('physical_entity.n.01'): 3, Synset('living_thing.n.01'): 3, Synset('entity.n.01'): 4, Synset('whole.n.02'): 4, Synset('object.n.01'): 5, Synset('*ROOT*'): 6}",Synset('person.n.01'),"[Synset('monk.n.01'), Synset('religious.n.01'), Synset('religious_person.n.01'), Synset('person.n.01')]","[Synset('slave.n.01'), Synset('person.n.01')]","{0: {0: 0, 1: 1, 2: 2}, 1: {0: 1, 1: 1, 2: 2}, 2: {0: 2, 1: 2, 2: 2}, 3: {0: 3, 1: 3, 2: 3}, 4: {0: 4, 1: 4, 2: 3}}",0.2,2.028148247,0.666666667,0.75,3,0.57,monk,slave
15,"{Synset('refuge.n.03'): 0, Synset('shelter.n.01'): 1, Synset('structure.n.01'): 2, Synset('artifact.n.01'): 3, Synset('whole.n.02'): 4, Synset('object.n.01'): 5, Synset('physical_entity.n.01'): 6, Synset('entity.n.01'): 7, Synset('*ROOT*'): 8}","{Synset('cemetery.n.01'): 0, Synset('site.n.01'): 1, Synset('tract.n.01'): 2, Synset('geographical_area.n.01'): 3, Synset('region.n.03'): 4, Synset('location.n.01'): 5, Synset('object.n.01'): 6, Synset('physical_entity.n.01'): 7, Synset('entity.n.01'): 8, Synset('*ROOT*'): 9}",Synset('object.n.01'),"[Synset('refuge.n.03'), Synset('shelter.n.01'), Synset('structure.n.01'), Synset('artifact.n.01'), Synset('whole.n.02'), Synset('object.n.01')]","[Synset('cemetery.n.01'), Synset('site.n.01'), Synset('tract.n.01'), Synset('geographical_area.n.01'), Synset('region.n.03'), Synset('location.n.01'), Synset('object.n.01')]","{0: {0: 0, 1: 1, 2: 2, 3: 3, 4: 4, 5: 5, 6: 6, 7: 7}, 1: {0: 1, 1: 1, 2: 2, 3: 3, 4: 4, 5: 5, 6: 6, 7: 7}, 2: {0: 2, 1: 2, 2: 2, 3: 3, 4: 4, 5: 5, 6: 6, 7: 7}, 3: {0: 3, 1: 3, 2: 3, 3: 3, 4: 4, 5: 5, 6: 6, 7: 7}, 4: {0: 4, 1: 4, 2: 4, 3: 4, 4: 4, 5: 5, 6: 6, 7: 7}, 5: {0: 5, 1: 5, 2: 5, 3: 5, 4: 5, 5: 5, 6: 6, 7: 7}, 6: {0: 6, 1: 6, 2: 6, 3: 6, 4: 6, 5: 6, 6: 6, 7: 6}}",0.083333333,1.15267951,0.352941176,0.4,6,0.79,asylum,cemetery
16,"{Synset('seashore.n.01'): 0, Synset('shore.n.01'): 1, Synset('geological_formation.n.01'): 2, Synset('object.n.01'): 3, Synset('physical_entity.n.01'): 4, Synset('entity.n.01'): 5, Synset('*ROOT*'): 6}","{Synset('forest.n.02'): 0, Synset('biome.n.01'): 1, Synset('land.n.04'): 1, Synset('community.n.06'): 2, Synset('object.n.01'): 2, Synset('group.n.01'): 3, Synset('physical_entity.n.01'): 3, Synset('abstraction.n.06'): 4, Synset('entity.n.01'): 4, Synset('*ROOT*'): 5}",Synset('object.n.01'),"[Synset('seashore.n.01'), Synset('shore.n.01'), Synset('geological_formation.n.01'), Synset('object.n.01')]","[Synset('forest.n.02'), Synset('biome.n.01'), Synset('land.n.04'), Synset('community.n.06'), Synset('object.n.01')]","{0: {0: 0, 1: 1, 2: 2, 3: 3, 4: 4, 5: 5}, 1: {0: 1, 1: 1, 2: 2, 3: 3, 4: 4, 5: 5}, 2: {0: 2, 1: 2, 2: 2, 3: 3, 4: 4, 5: 5}, 3: {0: 3, 1: 3, 2: 3, 3: 3, 4: 4, 5: 5}, 4: {0: 4, 1: 4, 2: 4, 3: 4, 4: 4, 5: 4}}",0.166666667,1.84582669,0.545454545,0.6,4,0.85,coast,forest
17,"{Synset('smile.n.01'): 0, Synset('facial_expression.n.01'): 1, Synset('gesture.n.02'): 2, Synset('visual_communication.n.01'): 3, Synset('communication.n.02'): 4, Synset('abstraction.n.06'): 5, Synset('entity.n.01'): 6, Synset('*ROOT*'): 7}","{Synset('chap.n.01'): 0, Synset('male.n.02'): 1, Synset('person.n.01'): 2, Synset('causal_agent.n.01'): 3, Synset('organism.n.01'): 3, Synset('physical_entity.n.01'): 4, Synset('living_thing.n.01'): 4, Synset('entity.n.01'): 5, Synset('whole.n.02'): 5, Synset('object.n.01'): 6, Synset('*ROOT*'): 7}",Synset('entity.n.01'),"[Synset('smile.n.01'), Synset('facial_expression.n.01'), Synset('gesture.n.02'), Synset('visual_communication.n.01'), Synset('communication.n.02'), Synset('abstraction.n.06'), Synset('entity.n.01')]","[Synset('chap.n.01'), Synset('male.n.02'), Synset('person.n.01'), Synset('causal_agent.n.01'), Synset('organism.n.01'), Synset('physical_entity.n.01'), Synset('living_thing.n.01'), Synset('entity.n.01')]","{0: {0: 0, 1: 1, 2: 2, 3: 3, 4: 4, 5: 5, 6: 6, 7: 7, 8: 8}, 1: {0: 1, 1: 1, 2: 2, 3: 3, 4: 4, 5: 5, 6: 6, 7: 7, 8: 8}, 2: {0: 2, 1: 2, 2: 2, 3: 3, 4: 4, 5: 5, 6: 6, 7: 7, 8: 8}, 3: {0: 3, 1: 3, 2: 3, 3: 3, 4: 4, 5: 5, 6: 6, 7: 7, 8: 8}, 4: {0: 4, 1: 4, 2: 4, 3: 4, 4: 4, 5: 5, 6: 6, 7: 7, 8: 8}, 5: {0: 5, 1: 5, 2: 5, 3: 5, 4: 5, 5: 5, 6: 6, 7: 7, 8: 8}, 6: {0: 6, 1: 6, 2: 6, 3: 6, 4: 6, 5: 6, 6: 6, 7: 7, 8: 8}, 7: {0: 7, 1: 7, 2: 7, 3: 7, 4: 7, 5: 7, 6: 7, 7: 7, 8: 7}}",0.083333333,1.15267951,0.153846154,0.363636364,7,0.88,grin,lad
18,"{Synset('shore.n.01'): 0, Synset('geological_formation.n.01'): 1, Synset('object.n.01'): 2, Synset('physical_entity.n.01'): 3, Synset('entity.n.01'): 4, Synset('*ROOT*'): 5}","{Synset('forest.n.02'): 0, Synset('biome.n.01'): 1, Synset('land.n.04'): 1, Synset('community.n.06'): 2, Synset('object.n.01'): 2, Synset('group.n.01'): 3, Synset('physical_entity.n.01'): 3, Synset('abstraction.n.06'): 4, Synset('entity.n.01'): 4, Synset('*ROOT*'): 5}",Synset('object.n.01'),"[Synset('shore.n.01'), Synset('geological_formation.n.01'), Synset('object.n.01')]","[Synset('forest.n.02'), Synset('biome.n.01'), Synset('land.n.04'), Synset('community.n.06'), Synset('object.n.01')]","{0: {0: 0, 1: 1, 2: 2, 3: 3, 4: 4, 5: 5}, 1: {0: 1, 1: 1, 2: 2, 3: 3, 4: 4, 5: 5}, 2: {0: 2, 1: 2, 2: 2, 3: 3, 4: 4, 5: 5}, 3: {0: 3, 1: 3, 2: 3, 3: 3, 4: 4, 5: 4}}",0.2,2.028148247,0.6,0.6,4,0.9,shore,woodland
19,"{Synset('monk.n.01'): 0, Synset('religious.n.01'): 1, Synset('religious_person.n.01'): 2, Synset('person.n.01'): 3, Synset('causal_agent.n.01'): 4, Synset('organism.n.01'): 4, Synset('physical_entity.n.01'): 5, Synset('living_thing.n.01'): 5, Synset('entity.n.01'): 6, Synset('whole.n.02'): 6, Synset('object.n.01'): 7, Synset('*ROOT*'): 8}","{Synset('prophet.n.01'): 0, Synset('diviner.n.01'): 1, Synset('visionary.n.02'): 2, Synset('intellectual.n.01'): 3, Synset('person.n.01'): 4, Synset('causal_agent.n.01'): 5, Synset('organism.n.01'): 5, Synset('physical_entity.n.01'): 6, Synset('living_thing.n.01'): 6, Synset('entity.n.01'): 7, Synset('whole.n.02'): 7, Synset('object.n.01'): 8, Synset('*ROOT*'): 9}",Synset('person.n.01'),"[Synset('monk.n.01'), Synset('religious.n.01'), Synset('religious_person.n.01'), Synset('person.n.01')]","[Synset('prophet.n.01'), Synset('diviner.n.01'), Synset('visionary.n.02'), Synset('intellectual.n.01'), Synset('person.n.01')]","{0: {0: 0, 1: 1, 2: 2, 3: 3, 4: 4, 5: 5}, 1: {0: 1, 1: 1, 2: 2, 3: 3, 4: 4, 5: 5}, 2: {0: 2, 1: 2, 2: 2, 3: 3, 4: 4, 5: 5}, 3: {0: 3, 1: 3, 2: 3, 3: 3, 4: 4, 5: 5}, 4: {0: 4, 1: 4, 2: 4, 3: 4, 4: 4, 5: 4}}",0.125,1.558144618,0.571428571,0.692307692,4,0.91,monk,oracle
20,"{Synset('male_child.n.01'): 0, Synset('male.n.02'): 1, Synset('person.n.01'): 2, Synset('causal_agent.n.01'): 3, Synset('organism.n.01'): 3, Synset('physical_entity.n.01'): 4, Synset('living_thing.n.01'): 4, Synset('entity.n.01'): 5, Synset('whole.n.02'): 5, Synset('object.n.01'): 6, Synset('*ROOT*'): 7}","{Synset('sage.n.01'): 0, Synset('mentor.n.01'): 1, Synset('intellectual.n.01'): 2, Synset('person.n.01'): 3, Synset('causal_agent.n.01'): 4, Synset('organism.n.01'): 4, Synset('physical_entity.n.01'): 5, Synset('living_thing.n.01'): 5, Synset('entity.n.01'): 6, Synset('whole.n.02'): 6, Synset('object.n.01'): 7, Synset('*ROOT*'): 8}",Synset('person.n.01'),"[Synset('male_child.n.01'), Synset('male.n.02'), Synset('person.n.01')]","[Synset('sage.n.01'), Synset('mentor.n.01'), Synset('intellectual.n.01'), Synset('person.n.01')]","{0: {0: 0, 1: 1, 2: 2, 3: 3, 4: 4}, 1: {0: 1, 1: 1, 2: 2, 3: 3, 4: 4}, 2: {0: 2, 1: 2, 2: 2, 3: 3, 4: 4}, 3: {0: 3, 1: 3, 2: 3, 3: 3, 4: 3}}",0.166666667,1.84582669,0.631578947,0.75,3,0.96,boy,sage
21,"{Synset('car.n.01'): 0, Synset('motor_vehicle.n.01'): 1, Synset('self-propelled_vehicle.n.01'): 2, Synset('wheeled_vehicle.n.01'): 3, Synset('container.n.01'): 4, Synset('vehicle.n.01'): 4, Synset('instrumentality.n.03'): 5, Synset('conveyance.n.03'): 5, Synset('artifact.n.01'): 6, Synset('whole.n.02'): 7, Synset('object.n.01'): 8, Synset('physical_entity.n.01'): 9, Synset('entity.n.01'): 10, Synset('*ROOT*'): 11}","{Synset('shock_absorber.n.01'): 0, Synset('damper.n.02'): 1, Synset('device.n.01'): 2, Synset('instrumentality.n.03'): 3, Synset('artifact.n.01'): 4, Synset('whole.n.02'): 5, Synset('object.n.01'): 6, Synset('physical_entity.n.01'): 7, Synset('entity.n.01'): 8, Synset('*ROOT*'): 9}",Synset('instrumentality.n.03'),"[Synset('car.n.01'), Synset('motor_vehicle.n.01'), Synset('self-propelled_vehicle.n.01'), Synset('wheeled_vehicle.n.01'), Synset('container.n.01'), Synset('vehicle.n.01'), Synset('instrumentality.n.03')]","[Synset('shock_absorber.n.01'), Synset('damper.n.02'), Synset('device.n.01'), Synset('instrumentality.n.03')]","{0: {0: 0, 1: 1, 2: 2, 3: 3, 4: 4}, 1: {0: 1, 1: 1, 2: 2, 3: 3, 4: 4}, 2: {0: 2, 1: 2, 2: 2, 3: 3, 4: 4}, 3: {0: 3, 1: 3, 2: 3, 3: 3, 4: 4}, 4: {0: 4, 1: 4, 2: 4, 3: 4, 4: 4}, 5: {0: 5, 1: 5, 2: 5, 3: 5, 4: 5}, 6: {0: 6, 1: 6, 2: 6, 3: 6, 4: 6}, 7: {0: 7, 1: 7, 2: 7, 3: 7, 4: 6}}",0.111111111,1.440361582,0.6,0.571428571,6,0.97,automobile,cushion
22,"{Synset('mound.n.04'): 0, Synset('structure.n.01'): 1, Synset('artifact.n.01'): 2, Synset('whole.n.02'): 3, Synset('object.n.01'): 4, Synset('physical_entity.n.01'): 5, Synset('entity.n.01'): 6, Synset('*ROOT*'): 7}","{Synset('shore.n.02'): 0, Synset('beam.n.02'): 1, Synset('piece.n.01'): 2, Synset('structural_member.n.01'): 2, Synset('part.n.02'): 3, Synset('support.n.10'): 3, Synset('object.n.01'): 4, Synset('device.n.01'): 4, Synset('physical_entity.n.01'): 5, Synset('instrumentality.n.03'): 5, Synset('entity.n.01'): 6, Synset('artifact.n.01'): 6, Synset('whole.n.02'): 7, Synset('*ROOT*'): 8}",Synset('artifact.n.01'),"[Synset('mound.n.04'), Synset('structure.n.01'), Synset('artifact.n.01')]","[Synset('shore.n.02'), Synset('beam.n.02'), Synset('piece.n.01'), Synset('structural_member.n.01'), Synset('part.n.02'), Synset('support.n.10'), Synset('object.n.01'), Synset('device.n.01'), Synset('physical_entity.n.01'), Synset('instrumentality.n.03'), Synset('entity.n.01'), Synset('artifact.n.01')]","{0: {0: 0, 1: 1, 2: 2, 3: 3, 4: 4, 5: 5, 6: 6, 7: 7, 8: 8, 9: 9, 10: 10, 11: 11, 12: 12}, 1: {0: 1, 1: 1, 2: 2, 3: 3, 4: 4, 5: 5, 6: 6, 7: 7, 8: 8, 9: 9, 10: 10, 11: 11, 12: 12}, 2: {0: 2, 1: 2, 2: 2, 3: 3, 4: 4, 5: 5, 6: 6, 7: 7, 8: 8, 9: 9, 10: 10, 11: 11, 12: 12}, 3: {0: 3, 1: 3, 2: 3, 3: 3, 4: 4, 5: 5, 6: 6, 7: 7, 8: 8, 9: 9, 10: 10, 11: 11, 12: 11}}",0.111111111,1.440361582,0.555555556,0.214285714,11,0.97,mound,shore
23,"{Synset('chap.n.01'): 0, Synset('male.n.02'): 1, Synset('person.n.01'): 2, Synset('causal_agent.n.01'): 3, Synset('organism.n.01'): 3, Synset('physical_entity.n.01'): 4, Synset('living_thing.n.01'): 4, Synset('entity.n.01'): 5, Synset('whole.n.02'): 5, Synset('object.n.01'): 6, Synset('*ROOT*'): 7}","{Synset('ace.n.03'): 0, Synset('expert.n.01'): 1, Synset('person.n.01'): 2, Synset('causal_agent.n.01'): 3, Synset('organism.n.01'): 3, Synset('physical_entity.n.01'): 4, Synset('living_thing.n.01'): 4, Synset('entity.n.01'): 5, Synset('whole.n.02'): 5, Synset('object.n.01'): 6, Synset('*ROOT*'): 7}",Synset('person.n.01'),"[Synset('chap.n.01'), Synset('male.n.02'), Synset('person.n.01')]","[Synset('ace.n.03'), Synset('expert.n.01'), Synset('person.n.01')]","{0: {0: 0, 1: 1, 2: 2, 3: 3}, 1: {0: 1, 1: 1, 2: 2, 3: 3}, 2: {0: 2, 1: 2, 2: 2, 3: 3}, 3: {0: 3, 1: 3, 2: 3, 3: 2}}",0.2,2.028148247,0.666666667,0.818181818,2,0.99,lad,wizard
24,"{Synset('forest.n.02'): 0, Synset('biome.n.01'): 1, Synset('land.n.04'): 1, Synset('community.n.06'): 2, Synset('object.n.01'): 2, Synset('group.n.01'): 3, Synset('physical_entity.n.01'): 3, Synset('abstraction.n.06'): 4, Synset('entity.n.01'): 4, Synset('*ROOT*'): 5}","{Synset('cemetery.n.01'): 0, Synset('site.n.01'): 1, Synset('tract.n.01'): 2, Synset('geographical_area.n.01'): 3, Synset('region.n.03'): 4, Synset('location.n.01'): 5, Synset('object.n.01'): 6, Synset('physical_entity.n.01'): 7, Synset('entity.n.01'): 8, Synset('*ROOT*'): 9}",Synset('object.n.01'),"[Synset('forest.n.02'), Synset('biome.n.01'), Synset('land.n.04'), Synset('community.n.06'), Synset('object.n.01')]","[Synset('cemetery.n.01'), Synset('site.n.01'), Synset('tract.n.01'), Synset('geographical_area.n.01'), Synset('region.n.03'), Synset('location.n.01'), Synset('object.n.01')]","{0: {0: 0, 1: 1, 2: 2, 3: 3, 4: 4, 5: 5, 6: 6, 7: 7}, 1: {0: 1, 1: 1, 2: 2, 3: 3, 4: 4, 5: 5, 6: 6, 7: 7}, 2: {0: 2, 1: 2, 2: 2, 3: 3, 4: 4, 5: 5, 6: 6, 7: 7}, 3: {0: 3, 1: 3, 2: 3, 3: 3, 4: 4, 5: 5, 6: 6, 7: 7}, 4: {0: 4, 1: 4, 2: 4, 3: 4, 4: 4, 5: 5, 6: 6, 7: 7}, 5: {0: 5, 1: 5, 2: 5, 3: 5, 4: 5, 5: 5, 6: 6, 7: 6}}",0.111111111,1.440361582,0.428571429,0.4,6,1,forest,graveyard
25,"{Synset('food.n.01'): 0, Synset('substance.n.07'): 1, Synset('matter.n.03'): 2, Synset('physical_entity.n.01'): 3, Synset('entity.n.01'): 4, Synset('*ROOT*'): 5}","{Synset('cock.n.04'): 0, Synset('chicken.n.02'): 1, Synset('domestic_fowl.n.01'): 2, Synset('gallinaceous_bird.n.01'): 3, Synset('bird.n.01'): 4, Synset('vertebrate.n.01'): 5, Synset('chordate.n.01'): 6, Synset('animal.n.01'): 7, Synset('organism.n.01'): 8, Synset('living_thing.n.01'): 9, Synset('whole.n.02'): 10, Synset('object.n.01'): 11, Synset('physical_entity.n.01'): 12, Synset('entity.n.01'): 13, Synset('*ROOT*'): 14}",Synset('physical_entity.n.01'),"[Synset('food.n.01'), Synset('substance.n.07'), Synset('matter.n.03'), Synset('physical_entity.n.01')]","[Synset('cock.n.04'), Synset('chicken.n.02'), Synset('domestic_fowl.n.01'), Synset('gallinaceous_bird.n.01'), Synset('bird.n.01'), Synset('vertebrate.n.01'), Synset('chordate.n.01'), Synset('animal.n.01'), Synset('organism.n.01'), Synset('living_thing.n.01'), Synset('whole.n.02'), Synset('object.n.01'), Synset('physical_entity.n.01')]","{0: {0: 0, 1: 1, 2: 2, 3: 3, 4: 4, 5: 5, 6: 6, 7: 7, 8: 8, 9: 9, 10: 10, 11: 11, 12: 12, 13: 13}, 1: {0: 1, 1: 1, 2: 2, 3: 3, 4: 4, 5: 5, 6: 6, 7: 7, 8: 8, 9: 9, 10: 10, 11: 11, 12: 12, 13: 13}, 2: {0: 2, 1: 2, 2: 2, 3: 3, 4: 4, 5: 5, 6: 6, 7: 7, 8: 8, 9: 9, 10: 10, 11: 11, 12: 12, 13: 13}, 3: {0: 3, 1: 3, 2: 3, 3: 3, 4: 4, 5: 5, 6: 6, 7: 7, 8: 8, 9: 9, 10: 10, 11: 11, 12: 12, 13: 13}, 4: {0: 4, 1: 4, 2: 4, 3: 4, 4: 4, 5: 5, 6: 6, 7: 7, 8: 8, 9: 9, 10: 10, 11: 11, 12: 12, 13: 12}}",0.0625,0.864997437,0.210526316,0.2,12,1.09,food,rooster
26,"{Synset('cemetery.n.01'): 0, Synset('site.n.01'): 1, Synset('tract.n.01'): 2, Synset('geographical_area.n.01'): 3, Synset('region.n.03'): 4, Synset('location.n.01'): 5, Synset('object.n.01'): 6, Synset('physical_entity.n.01'): 7, Synset('entity.n.01'): 8, Synset('*ROOT*'): 9}","{Synset('forest.n.02'): 0, Synset('biome.n.01'): 1, Synset('land.n.04'): 1, Synset('community.n.06'): 2, Synset('object.n.01'): 2, Synset('group.n.01'): 3, Synset('physical_entity.n.01'): 3, Synset('abstraction.n.06'): 4, Synset('entity.n.01'): 4, Synset('*ROOT*'): 5}",Synset('object.n.01'),"[Synset('cemetery.n.01'), Synset('site.n.01'), Synset('tract.n.01'), Synset('geographical_area.n.01'), Synset('region.n.03'), Synset('location.n.01'), Synset('object.n.01')]","[Synset('forest.n.02'), Synset('biome.n.01'), Synset('land.n.04'), Synset('community.n.06'), Synset('object.n.01')]","{0: {0: 0, 1: 1, 2: 2, 3: 3, 4: 4, 5: 5}, 1: {0: 1, 1: 1, 2: 2, 3: 3, 4: 4, 5: 5}, 2: {0: 2, 1: 2, 2: 2, 3: 3, 4: 4, 5: 5}, 3: {0: 3, 1: 3, 2: 3, 3: 3, 4: 4, 5: 5}, 4: {0: 4, 1: 4, 2: 4, 3: 4, 4: 4, 5: 5}, 5: {0: 5, 1: 5, 2: 5, 3: 5, 4: 5, 5: 5}, 6: {0: 6, 1: 6, 2: 6, 3: 6, 4: 6, 5: 6}, 7: {0: 7, 1: 7, 2: 7, 3: 7, 4: 7, 5: 6}}",0.111111111,1.440361582,0.428571429,0.4,6,1.18,cemetery,woodland
27,"{Synset('shore.n.01'): 0, Synset('geological_formation.n.01'): 1, Synset('object.n.01'): 2, Synset('physical_entity.n.01'): 3, Synset('entity.n.01'): 4, Synset('*ROOT*'): 5}","{Synset('ocean_trip.n.01'): 0, Synset('water_travel.n.01'): 1, Synset('travel.n.01'): 2, Synset('motion.n.06'): 3, Synset('change.n.03'): 4, Synset('action.n.01'): 5, Synset('act.n.02'): 6, Synset('event.n.01'): 7, Synset('psychological_feature.n.01'): 8, Synset('abstraction.n.06'): 9, Synset('entity.n.01'): 10, Synset('*ROOT*'): 11}",Synset('entity.n.01'),"[Synset('shore.n.01'), Synset('geological_formation.n.01'), Synset('object.n.01'), Synset('physical_entity.n.01'), Synset('entity.n.01')]","[Synset('ocean_trip.n.01'), Synset('water_travel.n.01'), Synset('travel.n.01'), Synset('motion.n.06'), Synset('change.n.03'), Synset('action.n.01'), Synset('act.n.02'), Synset('event.n.01'), Synset('psychological_feature.n.01'), Synset('abstraction.n.06'), Synset('entity.n.01')]","{0: {0: 0, 1: 1, 2: 2, 3: 3, 4: 4, 5: 5, 6: 6, 7: 7, 8: 8, 9: 9, 10: 10, 11: 11}, 1: {0: 1, 1: 1, 2: 2, 3: 3, 4: 4, 5: 5, 6: 6, 7: 7, 8: 8, 9: 9, 10: 10, 11: 11}, 2: {0: 2, 1: 2, 2: 2, 3: 3, 4: 4, 5: 5, 6: 6, 7: 7, 8: 8, 9: 9, 10: 10, 11: 11}, 3: {0: 3, 1: 3, 2: 3, 3: 3, 4: 4, 5: 5, 6: 6, 7: 7, 8: 8, 9: 9, 10: 10, 11: 11}, 4: {0: 4, 1: 4, 2: 4, 3: 4, 4: 4, 5: 5, 6: 6, 7: 7, 8: 8, 9: 9, 10: 10, 11: 11}, 5: {0: 5, 1: 5, 2: 5, 3: 5, 4: 5, 5: 5, 6: 6, 7: 7, 8: 8, 9: 9, 10: 10, 11: 10}}",0.066666667,0.929535959,0.125,0.166666667,10,1.22,shore,voyage
28,"{Synset('bird.n.02'): 0, Synset('meat.n.01'): 1, Synset('food.n.02'): 2, Synset('solid.n.01'): 3, Synset('matter.n.03'): 4, Synset('physical_entity.n.01'): 5, Synset('entity.n.01'): 6, Synset('*ROOT*'): 7}","{Synset('forest.n.02'): 0, Synset('biome.n.01'): 1, Synset('land.n.04'): 1, Synset('community.n.06'): 2, Synset('object.n.01'): 2, Synset('group.n.01'): 3, Synset('physical_entity.n.01'): 3, Synset('abstraction.n.06'): 4, Synset('entity.n.01'): 4, Synset('*ROOT*'): 5}",Synset('physical_entity.n.01'),"[Synset('bird.n.02'), Synset('meat.n.01'), Synset('food.n.02'), Synset('solid.n.01'), Synset('matter.n.03'), Synset('physical_entity.n.01')]","[Synset('forest.n.02'), Synset('biome.n.01'), Synset('land.n.04'), Synset('community.n.06'), Synset('object.n.01'), Synset('group.n.01'), Synset('physical_entity.n.01')]","{0: {0: 0, 1: 1, 2: 2, 3: 3, 4: 4, 5: 5, 6: 6, 7: 7}, 1: {0: 1, 1: 1, 2: 2, 3: 3, 4: 4, 5: 5, 6: 6, 7: 7}, 2: {0: 2, 1: 2, 2: 2, 3: 3, 4: 4, 5: 5, 6: 6, 7: 7}, 3: {0: 3, 1: 3, 2: 3, 3: 3, 4: 4, 5: 5, 6: 6, 7: 7}, 4: {0: 4, 1: 4, 2: 4, 3: 4, 4: 4, 5: 5, 6: 6, 7: 7}, 5: {0: 5, 1: 5, 2: 5, 3: 5, 4: 5, 5: 5, 6: 6, 7: 7}, 6: {0: 6, 1: 6, 2: 6, 3: 6, 4: 6, 5: 6, 6: 6, 7: 6}}",0.111111111,1.440361582,0.333333333,0.4,6,1.24,bird,woodland
29,"{Synset('seashore.n.01'): 0, Synset('shore.n.01'): 1, Synset('geological_formation.n.01'): 2, Synset('object.n.01'): 3, Synset('physical_entity.n.01'): 4, Synset('entity.n.01'): 5, Synset('*ROOT*'): 6}","{Synset('hill.n.01'): 0, Synset('natural_elevation.n.01'): 1, Synset('geological_formation.n.01'): 2, Synset('object.n.01'): 3, Synset('physical_entity.n.01'): 4, Synset('entity.n.01'): 5, Synset('*ROOT*'): 6}",Synset('geological_formation.n.01'),"[Synset('seashore.n.01'), Synset('shore.n.01'), Synset('geological_formation.n.01')]","[Synset('hill.n.01'), Synset('natural_elevation.n.01'), Synset('geological_formation.n.01')]","{0: {0: 0, 1: 1, 2: 2, 3: 3}, 1: {0: 1, 1: 1, 2: 2, 3: 3}, 2: {0: 2, 1: 2, 2: 2, 3: 3}, 3: {0: 3, 1: 3, 2: 3, 3: 2}}",0.2,2.028148247,0.666666667,0.714285714,2,1.26,coast,hill
30,"{Synset('furnace.n.01'): 0, Synset('chamber.n.01'): 1, Synset('enclosure.n.01'): 2, Synset('area.n.05'): 3, Synset('structure.n.01'): 4, Synset('artifact.n.01'): 5, Synset('whole.n.02'): 6, Synset('object.n.01'): 7, Synset('physical_entity.n.01'): 8, Synset('entity.n.01'): 9, Synset('*ROOT*'): 10}","{Synset('implement.n.01'): 0, Synset('instrumentality.n.03'): 1, Synset('artifact.n.01'): 2, Synset('whole.n.02'): 3, Synset('object.n.01'): 4, Synset('physical_entity.n.01'): 5, Synset('entity.n.01'): 6, Synset('*ROOT*'): 7}",Synset('artifact.n.01'),"[Synset('furnace.n.01'), Synset('chamber.n.01'), Synset('enclosure.n.01'), Synset('area.n.05'), Synset('structure.n.01'), Synset('artifact.n.01')]","[Synset('implement.n.01'), Synset('instrumentality.n.03'), Synset('artifact.n.01')]","{0: {0: 0, 1: 1, 2: 2, 3: 3}, 1: {0: 1, 1: 1, 2: 2, 3: 3}, 2: {0: 2, 1: 2, 2: 2, 3: 3}, 3: {0: 3, 1: 3, 2: 3, 3: 3}, 4: {0: 4, 1: 4, 2: 4, 3: 4}, 5: {0: 5, 1: 5, 2: 5, 3: 5}, 6: {0: 6, 1: 6, 2: 6, 3: 5}}",0.125,1.558144618,0.588235294,0.545454545,5,1.37,furnace,implement
31,"{Synset('grus.n.01'): 0, Synset('constellation.n.02'): 1, Synset('natural_object.n.01'): 2, Synset('whole.n.02'): 3, Synset('object.n.01'): 4, Synset('physical_entity.n.01'): 5, Synset('entity.n.01'): 6, Synset('*ROOT*'): 7}","{Synset('cock.n.04'): 0, Synset('chicken.n.02'): 1, Synset('domestic_fowl.n.01'): 2, Synset('gallinaceous_bird.n.01'): 3, Synset('bird.n.01'): 4, Synset('vertebrate.n.01'): 5, Synset('chordate.n.01'): 6, Synset('animal.n.01'): 7, Synset('organism.n.01'): 8, Synset('living_thing.n.01'): 9, Synset('whole.n.02'): 10, Synset('object.n.01'): 11, Synset('physical_entity.n.01'): 12, Synset('entity.n.01'): 13, Synset('*ROOT*'): 14}",Synset('whole.n.02'),"[Synset('grus.n.01'), Synset('constellation.n.02'), Synset('natural_object.n.01'), Synset('whole.n.02')]","[Synset('cock.n.04'), Synset('chicken.n.02'), Synset('domestic_fowl.n.01'), Synset('gallinaceous_bird.n.01'), Synset('bird.n.01'), Synset('vertebrate.n.01'), Synset('chordate.n.01'), Synset('animal.n.01'), Synset('organism.n.01'), Synset('living_thing.n.01'), Synset('whole.n.02')]","{0: {0: 0, 1: 1, 2: 2, 3: 3, 4: 4, 5: 5, 6: 6, 7: 7, 8: 8, 9: 9, 10: 10, 11: 11}, 1: {0: 1, 1: 1, 2: 2, 3: 3, 4: 4, 5: 5, 6: 6, 7: 7, 8: 8, 9: 9, 10: 10, 11: 11}, 2: {0: 2, 1: 2, 2: 2, 3: 3, 4: 4, 5: 5, 6: 6, 7: 7, 8: 8, 9: 9, 10: 10, 11: 11}, 3: {0: 3, 1: 3, 2: 3, 3: 3, 4: 4, 5: 5, 6: 6, 7: 7, 8: 8, 9: 9, 10: 10, 11: 11}, 4: {0: 4, 1: 4, 2: 4, 3: 4, 4: 4, 5: 5, 6: 6, 7: 7, 8: 8, 9: 9, 10: 10, 11: 10}}",0.071428571,0.99852883,0.380952381,0.333333333,10,1.41,crane,rooster
32,"{Synset('hill.n.01'): 0, Synset('natural_elevation.n.01'): 1, Synset('geological_formation.n.01'): 2, Synset('object.n.01'): 3, Synset('physical_entity.n.01'): 4, Synset('entity.n.01'): 5, Synset('*ROOT*'): 6}","{Synset('forest.n.02'): 0, Synset('biome.n.01'): 1, Synset('land.n.04'): 1, Synset('community.n.06'): 2, Synset('object.n.01'): 2, Synset('group.n.01'): 3, Synset('physical_entity.n.01'): 3, Synset('abstraction.n.06'): 4, Synset('entity.n.01'): 4, Synset('*ROOT*'): 5}",Synset('object.n.01'),"[Synset('hill.n.01'), Synset('natural_elevation.n.01'), Synset('geological_formation.n.01'), Synset('object.n.01')]","[Synset('forest.n.02'), Synset('biome.n.01'), Synset('land.n.04'), Synset('community.n.06'), Synset('object.n.01')]","{0: {0: 0, 1: 1, 2: 2, 3: 3, 4: 4, 5: 5}, 1: {0: 1, 1: 1, 2: 2, 3: 3, 4: 4, 5: 5}, 2: {0: 2, 1: 2, 2: 2, 3: 3, 4: 4, 5: 5}, 3: {0: 3, 1: 3, 2: 3, 3: 3, 4: 4, 5: 5}, 4: {0: 4, 1: 4, 2: 4, 3: 4, 4: 4, 5: 4}}",0.166666667,1.84582669,0.545454545,0.6,4,1.48,hill,woodland
33,"{Synset('car.n.02'): 0, Synset('wheeled_vehicle.n.01'): 1, Synset('container.n.01'): 2, Synset('vehicle.n.01'): 2, Synset('instrumentality.n.03'): 3, Synset('conveyance.n.03'): 3, Synset('artifact.n.01'): 4, Synset('whole.n.02'): 5, Synset('object.n.01'): 6, Synset('physical_entity.n.01'): 7, Synset('entity.n.01'): 8, Synset('*ROOT*'): 9}","{Synset('journey.n.01'): 0, Synset('travel.n.01'): 1, Synset('motion.n.06'): 2, Synset('change.n.03'): 3, Synset('action.n.01'): 4, Synset('act.n.02'): 5, Synset('event.n.01'): 6, Synset('psychological_feature.n.01'): 7, Synset('abstraction.n.06'): 8, Synset('entity.n.01'): 9, Synset('*ROOT*'): 10}",Synset('entity.n.01'),"[Synset('car.n.02'), Synset('wheeled_vehicle.n.01'), Synset('container.n.01'), Synset('vehicle.n.01'), Synset('instrumentality.n.03'), Synset('conveyance.n.03'), Synset('artifact.n.01'), Synset('whole.n.02'), Synset('object.n.01'), Synset('physical_entity.n.01'), Synset('entity.n.01')]","[Synset('journey.n.01'), Synset('travel.n.01'), Synset('motion.n.06'), Synset('change.n.03'), Synset('action.n.01'), Synset('act.n.02'), Synset('event.n.01'), Synset('psychological_feature.n.01'), Synset('abstraction.n.06'), Synset('entity.n.01')]","{0: {0: 0, 1: 1, 2: 2, 3: 3, 4: 4, 5: 5, 6: 6, 7: 7, 8: 8, 9: 9, 10: 10}, 1: {0: 1, 1: 1, 2: 2, 3: 3, 4: 4, 5: 5, 6: 6, 7: 7, 8: 8, 9: 9, 10: 10}, 2: {0: 2, 1: 2, 2: 2, 3: 3, 4: 4, 5: 5, 6: 6, 7: 7, 8: 8, 9: 9, 10: 10}, 3: {0: 3, 1: 3, 2: 3, 3: 3, 4: 4, 5: 5, 6: 6, 7: 7, 8: 8, 9: 9, 10: 10}, 4: {0: 4, 1: 4, 2: 4, 3: 4, 4: 4, 5: 5, 6: 6, 7: 7, 8: 8, 9: 9, 10: 10}, 5: {0: 5, 1: 5, 2: 5, 3: 5, 4: 5, 5: 5, 6: 6, 7: 7, 8: 8, 9: 9, 10: 10}, 6: {0: 6, 1: 6, 2: 6, 3: 6, 4: 6, 5: 6, 6: 6, 7: 7, 8: 8, 9: 9, 10: 10}, 7: {0: 7, 1: 7, 2: 7, 3: 7, 4: 7, 5: 7, 6: 7, 7: 7, 8: 8, 9: 9, 10: 10}, 8: {0: 8, 1: 8, 2: 8, 3: 8, 4: 8, 5: 8, 6: 8, 7: 8, 8: 8, 9: 9, 10: 10}, 9: {0: 9, 1: 9, 2: 9, 3: 9, 4: 9, 5: 9, 6: 9, 7: 9, 8: 9, 9: 9, 10: 10}, 10: {0: 10, 1: 10, 2: 10, 3: 10, 4: 10, 5: 10, 6: 10, 7: 10, 8: 10, 9: 10, 10: 10}, 11: {0: 11, 1: 11, 2: 11, 3: 11, 4: 11, 5: 11, 6: 11, 7: 11, 8: 11, 9: 11, 10: 10}}",0.055555556,0.747214402,0.105263158,0.166666667,10,1.55,car,journey
34,"{Synset('cemetery.n.01'): 0, Synset('site.n.01'): 1, Synset('tract.n.01'): 2, Synset('geographical_area.n.01'): 3, Synset('region.n.03'): 4, Synset('location.n.01'): 5, Synset('object.n.01'): 6, Synset('physical_entity.n.01'): 7, Synset('entity.n.01'): 8, Synset('*ROOT*'): 9}","{Synset('mound.n.01'): 0, Synset('baseball_equipment.n.01'): 1, Synset('sports_equipment.n.01'): 2, Synset('equipment.n.01'): 3, Synset('instrumentality.n.03'): 4, Synset('artifact.n.01'): 5, Synset('whole.n.02'): 6, Synset('object.n.01'): 7, Synset('physical_entity.n.01'): 8, Synset('entity.n.01'): 9, Synset('*ROOT*'): 10}",Synset('object.n.01'),"[Synset('cemetery.n.01'), Synset('site.n.01'), Synset('tract.n.01'), Synset('geographical_area.n.01'), Synset('region.n.03'), Synset('location.n.01'), Synset('object.n.01')]","[Synset('mound.n.01'), Synset('baseball_equipment.n.01'), Synset('sports_equipment.n.01'), Synset('equipment.n.01'), Synset('instrumentality.n.03'), Synset('artifact.n.01'), Synset('whole.n.02'), Synset('object.n.01')]","{0: {0: 0, 1: 1, 2: 2, 3: 3, 4: 4, 5: 5, 6: 6, 7: 7, 8: 8}, 1: {0: 1, 1: 1, 2: 2, 3: 3, 4: 4, 5: 5, 6: 6, 7: 7, 8: 8}, 2: {0: 2, 1: 2, 2: 2, 3: 3, 4: 4, 5: 5, 6: 6, 7: 7, 8: 8}, 3: {0: 3, 1: 3, 2: 3, 3: 3, 4: 4, 5: 5, 6: 6, 7: 7, 8: 8}, 4: {0: 4, 1: 4, 2: 4, 3: 4, 4: 4, 5: 5, 6: 6, 7: 7, 8: 8}, 5: {0: 5, 1: 5, 2: 5, 3: 5, 4: 5, 5: 5, 6: 6, 7: 7, 8: 8}, 6: {0: 6, 1: 6, 2: 6, 3: 6, 4: 6, 5: 6, 6: 6, 7: 7, 8: 8}, 7: {0: 7, 1: 7, 2: 7, 3: 7, 4: 7, 5: 7, 6: 7, 7: 7, 8: 7}}",0.071428571,0.99852883,0.315789474,0.363636364,7,1.69,cemetery,mound
35,"{Synset('glass.n.01'): 0, Synset('solid.n.01'): 1, Synset('matter.n.03'): 2, Synset('physical_entity.n.01'): 3, Synset('entity.n.01'): 4, Synset('*ROOT*'): 5}","{Synset('jewel.n.01'): 0, Synset('jewelry.n.01'): 1, Synset('adornment.n.01'): 2, Synset('decoration.n.01'): 3, Synset('artifact.n.01'): 4, Synset('whole.n.02'): 5, Synset('object.n.01'): 6, Synset('physical_entity.n.01'): 7, Synset('entity.n.01'): 8, Synset('*ROOT*'): 9}",Synset('physical_entity.n.01'),"[Synset('glass.n.01'), Synset('solid.n.01'), Synset('matter.n.03'), Synset('physical_entity.n.01')]","[Synset('jewel.n.01'), Synset('jewelry.n.01'), Synset('adornment.n.01'), Synset('decoration.n.01'), Synset('artifact.n.01'), Synset('whole.n.02'), Synset('object.n.01'), Synset('physical_entity.n.01')]","{0: {0: 0, 1: 1, 2: 2, 3: 3, 4: 4, 5: 5, 6: 6, 7: 7, 8: 8}, 1: {0: 1, 1: 1, 2: 2, 3: 3, 4: 4, 5: 5, 6: 6, 7: 7, 8: 8}, 2: {0: 2, 1: 2, 2: 2, 3: 3, 4: 4, 5: 5, 6: 6, 7: 7, 8: 8}, 3: {0: 3, 1: 3, 2: 3, 3: 3, 4: 4, 5: 5, 6: 6, 7: 7, 8: 8}, 4: {0: 4, 1: 4, 2: 4, 3: 4, 4: 4, 5: 5, 6: 6, 7: 7, 8: 7}}",0.090909091,1.239690887,0.285714286,0.3,7,1.78,glass,jewel
36,"{Synset('sorcerer.n.01'): 0, Synset('occultist.n.01'): 1, Synset('person.n.01'): 2, Synset('causal_agent.n.01'): 3, Synset('organism.n.01'): 3, Synset('physical_entity.n.01'): 4, Synset('living_thing.n.01'): 4, Synset('entity.n.01'): 5, Synset('whole.n.02'): 5, Synset('object.n.01'): 6, Synset('*ROOT*'): 7}","{Synset('prophet.n.01'): 0, Synset('diviner.n.01'): 1, Synset('visionary.n.02'): 2, Synset('intellectual.n.01'): 3, Synset('person.n.01'): 4, Synset('causal_agent.n.01'): 5, Synset('organism.n.01'): 5, Synset('physical_entity.n.01'): 6, Synset('living_thing.n.01'): 6, Synset('entity.n.01'): 7, Synset('whole.n.02'): 7, Synset('object.n.01'): 8, Synset('*ROOT*'): 9}",Synset('person.n.01'),"[Synset('sorcerer.n.01'), Synset('occultist.n.01'), Synset('person.n.01')]","[Synset('prophet.n.01'), Synset('diviner.n.01'), Synset('visionary.n.02'), Synset('intellectual.n.01'), Synset('person.n.01')]","{0: {0: 0, 1: 1, 2: 2, 3: 3, 4: 4, 5: 5}, 1: {0: 1, 1: 1, 2: 2, 3: 3, 4: 4, 5: 5}, 2: {0: 2, 1: 2, 2: 2, 3: 3, 4: 4, 5: 5}, 3: {0: 3, 1: 3, 2: 3, 3: 3, 4: 4, 5: 4}}",0.142857143,1.691676011,0.6,0.692307692,4,1.82,magician,oracle
37,"{Synset('grus.n.01'): 0, Synset('constellation.n.02'): 1, Synset('natural_object.n.01'): 2, Synset('whole.n.02'): 3, Synset('object.n.01'): 4, Synset('physical_entity.n.01'): 5, Synset('entity.n.01'): 6, Synset('*ROOT*'): 7}","{Synset('implement.n.01'): 0, Synset('instrumentality.n.03'): 1, Synset('artifact.n.01'): 2, Synset('whole.n.02'): 3, Synset('object.n.01'): 4, Synset('physical_entity.n.01'): 5, Synset('entity.n.01'): 6, Synset('*ROOT*'): 7}",Synset('whole.n.02'),"[Synset('grus.n.01'), Synset('constellation.n.02'), Synset('natural_object.n.01'), Synset('whole.n.02')]","[Synset('implement.n.01'), Synset('instrumentality.n.03'), Synset('artifact.n.01'), Synset('whole.n.02')]","{0: {0: 0, 1: 1, 2: 2, 3: 3, 4: 4}, 1: {0: 1, 1: 1, 2: 2, 3: 3, 4: 4}, 2: {0: 2, 1: 2, 2: 2, 3: 3, 4: 4}, 3: {0: 3, 1: 3, 2: 3, 3: 3, 4: 4}, 4: {0: 4, 1: 4, 2: 4, 3: 4, 4: 3}}",0.142857143,1.691676011,0.571428571,0.625,3,2.37,crane,implement
38,"{Synset('buddy.n.01'): 0, Synset('friend.n.01'): 1, Synset('person.n.01'): 2, Synset('causal_agent.n.01'): 3, Synset('organism.n.01'): 3, Synset('physical_entity.n.01'): 4, Synset('living_thing.n.01'): 4, Synset('entity.n.01'): 5, Synset('whole.n.02'): 5, Synset('object.n.01'): 6, Synset('*ROOT*'): 7}","{Synset('chap.n.01'): 0, Synset('male.n.02'): 1, Synset('person.n.01'): 2, Synset('causal_agent.n.01'): 3, Synset('organism.n.01'): 3, Synset('physical_entity.n.01'): 4, Synset('living_thing.n.01'): 4, Synset('entity.n.01'): 5, Synset('whole.n.02'): 5, Synset('object.n.01'): 6, Synset('*ROOT*'): 7}",Synset('person.n.01'),"[Synset('buddy.n.01'), Synset('friend.n.01'), Synset('person.n.01')]","[Synset('chap.n.01'), Synset('male.n.02'), Synset('person.n.01')]","{0: {0: 0, 1: 1, 2: 2, 3: 3}, 1: {0: 1, 1: 1, 2: 2, 3: 3}, 2: {0: 2, 1: 2, 2: 2, 3: 3}, 3: {0: 3, 1: 3, 2: 3, 3: 2}}",0.2,2.028148247,0.666666667,0.818181818,2,2.41,brother,lad
39,"{Synset('sage.n.01'): 0, Synset('mentor.n.01'): 1, Synset('intellectual.n.01'): 2, Synset('person.n.01'): 3, Synset('causal_agent.n.01'): 4, Synset('organism.n.01'): 4, Synset('physical_entity.n.01'): 5, Synset('living_thing.n.01'): 5, Synset('entity.n.01'): 6, Synset('whole.n.02'): 6, Synset('object.n.01'): 7, Synset('*ROOT*'): 8}","{Synset('ace.n.03'): 0, Synset('expert.n.01'): 1, Synset('person.n.01'): 2, Synset('causal_agent.n.01'): 3, Synset('organism.n.01'): 3, Synset('physical_entity.n.01'): 4, Synset('living_thing.n.01'): 4, Synset('entity.n.01'): 5, Synset('whole.n.02'): 5, Synset('object.n.01'): 6, Synset('*ROOT*'): 7}",Synset('person.n.01'),"[Synset('sage.n.01'), Synset('mentor.n.01'), Synset('intellectual.n.01'), Synset('person.n.01')]","[Synset('ace.n.03'), Synset('expert.n.01'), Synset('person.n.01')]","{0: {0: 0, 1: 1, 2: 2, 3: 3}, 1: {0: 1, 1: 1, 2: 2, 3: 3}, 2: {0: 2, 1: 2, 2: 2, 3: 3}, 3: {0: 3, 1: 3, 2: 3, 3: 3}, 4: {0: 4, 1: 4, 2: 4, 3: 3}}",0.166666667,1.84582669,0.631578947,0.75,3,2.46,sage,wizard
40,"{Synset('prophet.n.01'): 0, Synset('diviner.n.01'): 1, Synset('visionary.n.02'): 2, Synset('intellectual.n.01'): 3, Synset('person.n.01'): 4, Synset('causal_agent.n.01'): 5, Synset('organism.n.01'): 5, Synset('physical_entity.n.01'): 6, Synset('living_thing.n.01'): 6, Synset('entity.n.01'): 7, Synset('whole.n.02'): 7, Synset('object.n.01'): 8, Synset('*ROOT*'): 9}","{Synset('sage.n.01'): 0, Synset('mentor.n.01'): 1, Synset('intellectual.n.01'): 2, Synset('person.n.01'): 3, Synset('causal_agent.n.01'): 4, Synset('organism.n.01'): 4, Synset('physical_entity.n.01'): 5, Synset('living_thing.n.01'): 5, Synset('entity.n.01'): 6, Synset('whole.n.02'): 6, Synset('object.n.01'): 7, Synset('*ROOT*'): 8}",Synset('intellectual.n.01'),"[Synset('prophet.n.01'), Synset('diviner.n.01'), Synset('visionary.n.02'), Synset('intellectual.n.01')]","[Synset('sage.n.01'), Synset('mentor.n.01'), Synset('intellectual.n.01')]","{0: {0: 0, 1: 1, 2: 2, 3: 3}, 1: {0: 1, 1: 1, 2: 2, 3: 3}, 2: {0: 2, 1: 2, 2: 2, 3: 3}, 3: {0: 3, 1: 3, 2: 3, 3: 3}, 4: {0: 4, 1: 4, 2: 4, 3: 3}}",0.166666667,1.84582669,0.571428571,0.769230769,3,2.61,oracle,sage
41,"{Synset('bird.n.01'): 0, Synset('vertebrate.n.01'): 1, Synset('chordate.n.01'): 2, Synset('animal.n.01'): 3, Synset('organism.n.01'): 4, Synset('living_thing.n.01'): 5, Synset('whole.n.02'): 6, Synset('object.n.01'): 7, Synset('physical_entity.n.01'): 8, Synset('entity.n.01'): 9, Synset('*ROOT*'): 10}","{Synset('crane.n.05'): 0, Synset('wading_bird.n.01'): 1, Synset('aquatic_bird.n.01'): 2, Synset('bird.n.01'): 3, Synset('vertebrate.n.01'): 4, Synset('chordate.n.01'): 5, Synset('animal.n.01'): 6, Synset('organism.n.01'): 7, Synset('living_thing.n.01'): 8, Synset('whole.n.02'): 9, Synset('object.n.01'): 10, Synset('physical_entity.n.01'): 11, Synset('entity.n.01'): 12, Synset('*ROOT*'): 13}",Synset('bird.n.01'),[Synset('bird.n.01')],"[Synset('crane.n.05'), Synset('wading_bird.n.01'), Synset('aquatic_bird.n.01'), Synset('bird.n.01')]","{0: {0: 0, 1: 1, 2: 2, 3: 3, 4: 4}, 1: {0: 1, 1: 1, 2: 2, 3: 3, 4: 3}}",0.25,2.251291799,0.869565217,0.785714286,3,2.63,bird,crane
42,"{Synset('bird.n.01'): 0, Synset('vertebrate.n.01'): 1, Synset('chordate.n.01'): 2, Synset('animal.n.01'): 3, Synset('organism.n.01'): 4, Synset('living_thing.n.01'): 5, Synset('whole.n.02'): 6, Synset('object.n.01'): 7, Synset('physical_entity.n.01'): 8, Synset('entity.n.01'): 9, Synset('*ROOT*'): 10}","{Synset('cock.n.04'): 0, Synset('chicken.n.02'): 1, Synset('domestic_fowl.n.01'): 2, Synset('gallinaceous_bird.n.01'): 3, Synset('bird.n.01'): 4, Synset('vertebrate.n.01'): 5, Synset('chordate.n.01'): 6, Synset('animal.n.01'): 7, Synset('organism.n.01'): 8, Synset('living_thing.n.01'): 9, Synset('whole.n.02'): 10, Synset('object.n.01'): 11, Synset('physical_entity.n.01'): 12, Synset('entity.n.01'): 13, Synset('*ROOT*'): 14}",Synset('bird.n.01'),[Synset('bird.n.01')],"[Synset('cock.n.04'), Synset('chicken.n.02'), Synset('domestic_fowl.n.01'), Synset('gallinaceous_bird.n.01'), Synset('bird.n.01')]","{0: {0: 0, 1: 1, 2: 2, 3: 3, 4: 4, 5: 5}, 1: {0: 1, 1: 1, 2: 2, 3: 3, 4: 4, 5: 4}}",0.2,2.028148247,0.833333333,0.733333333,4,2.63,bird,cock
43,"{Synset('food.n.01'): 0, Synset('substance.n.07'): 1, Synset('matter.n.03'): 2, Synset('physical_entity.n.01'): 3, Synset('entity.n.01'): 4, Synset('*ROOT*'): 5}","{Synset('fruit.n.01'): 0, Synset('reproductive_structure.n.01'): 1, Synset('plant_organ.n.01'): 2, Synset('plant_part.n.01'): 3, Synset('natural_object.n.01'): 4, Synset('whole.n.02'): 5, Synset('object.n.01'): 6, Synset('physical_entity.n.01'): 7, Synset('entity.n.01'): 8, Synset('*ROOT*'): 9}",Synset('physical_entity.n.01'),"[Synset('food.n.01'), Synset('substance.n.07'), Synset('matter.n.03'), Synset('physical_entity.n.01')]","[Synset('fruit.n.01'), Synset('reproductive_structure.n.01'), Synset('plant_organ.n.01'), Synset('plant_part.n.01'), Synset('natural_object.n.01'), Synset('whole.n.02'), Synset('object.n.01'), Synset('physical_entity.n.01')]","{0: {0: 0, 1: 1, 2: 2, 3: 3, 4: 4, 5: 5, 6: 6, 7: 7, 8: 8}, 1: {0: 1, 1: 1, 2: 2, 3: 3, 4: 4, 5: 5, 6: 6, 7: 7, 8: 8}, 2: {0: 2, 1: 2, 2: 2, 3: 3, 4: 4, 5: 5, 6: 6, 7: 7, 8: 8}, 3: {0: 3, 1: 3, 2: 3, 3: 3, 4: 4, 5: 5, 6: 6, 7: 7, 8: 8}, 4: {0: 4, 1: 4, 2: 4, 3: 4, 4: 4, 5: 5, 6: 6, 7: 7, 8: 7}}",0.090909091,1.239690887,0.285714286,0.3,7,2.69,food,fruit
44,"{Synset('brother.n.05'): 0, Synset('monk.n.01'): 1, Synset('religious.n.01'): 2, Synset('religious_person.n.01'): 3, Synset('person.n.01'): 4, Synset('causal_agent.n.01'): 5, Synset('organism.n.01'): 5, Synset('physical_entity.n.01'): 6, Synset('living_thing.n.01'): 6, Synset('entity.n.01'): 7, Synset('whole.n.02'): 7, Synset('object.n.01'): 8, Synset('*ROOT*'): 9}","{Synset('monk.n.01'): 0, Synset('religious.n.01'): 1, Synset('religious_person.n.01'): 2, Synset('person.n.01'): 3, Synset('causal_agent.n.01'): 4, Synset('organism.n.01'): 4, Synset('physical_entity.n.01'): 5, Synset('living_thing.n.01'): 5, Synset('entity.n.01'): 6, Synset('whole.n.02'): 6, Synset('object.n.01'): 7, Synset('*ROOT*'): 8}",Synset('monk.n.01'),"[Synset('brother.n.05'), Synset('monk.n.01')]",[Synset('monk.n.01')],"{0: {0: 0, 1: 1}, 1: {0: 1, 1: 1}, 2: {0: 2, 1: 1}}",0.5,2.944438979,0.952380952,0.923076923,1,2.74,brother,monk
45,"{Synset('mental_hospital.n.01'): 0, Synset('hospital.n.01'): 1, Synset('medical_building.n.01'): 2, Synset('building.n.01'): 3, Synset('structure.n.01'): 4, Synset('artifact.n.01'): 5, Synset('whole.n.02'): 6, Synset('object.n.01'): 7, Synset('physical_entity.n.01'): 8, Synset('entity.n.01'): 9, Synset('*ROOT*'): 10}","{Synset('bedlam.n.02'): 0, Synset('mental_hospital.n.01'): 1, Synset('hospital.n.01'): 2, Synset('medical_building.n.01'): 3, Synset('building.n.01'): 4, Synset('structure.n.01'): 5, Synset('artifact.n.01'): 6, Synset('whole.n.02'): 7, Synset('object.n.01'): 8, Synset('physical_entity.n.01'): 9, Synset('entity.n.01'): 10, Synset('*ROOT*'): 11}",Synset('mental_hospital.n.01'),[Synset('mental_hospital.n.01')],"[Synset('bedlam.n.02'), Synset('mental_hospital.n.01')]","{0: {0: 0, 1: 1, 2: 2}, 1: {0: 1, 1: 1, 2: 1}}",0.5,2.944438979,0.952380952,0.916666667,1,3.04,asylum,madhouse
46,"{Synset('furnace.n.01'): 0, Synset('chamber.n.01'): 1, Synset('enclosure.n.01'): 2, Synset('area.n.05'): 3, Synset('structure.n.01'): 4, Synset('artifact.n.01'): 5, Synset('whole.n.02'): 6, Synset('object.n.01'): 7, Synset('physical_entity.n.01'): 8, Synset('entity.n.01'): 9, Synset('*ROOT*'): 10}","{Synset('stove.n.01'): 0, Synset('kitchen_appliance.n.01'): 1, Synset('home_appliance.n.01'): 2, Synset('appliance.n.02'): 3, Synset('durables.n.01'): 4, Synset('consumer_goods.n.01'): 5, Synset('commodity.n.01'): 6, Synset('artifact.n.01'): 7, Synset('whole.n.02'): 8, Synset('object.n.01'): 9, Synset('physical_entity.n.01'): 10, Synset('entity.n.01'): 11, Synset('*ROOT*'): 12}",Synset('artifact.n.01'),"[Synset('furnace.n.01'), Synset('chamber.n.01'), Synset('enclosure.n.01'), Synset('area.n.05'), Synset('structure.n.01'), Synset('artifact.n.01')]","[Synset('stove.n.01'), Synset('kitchen_appliance.n.01'), Synset('home_appliance.n.01'), Synset('appliance.n.02'), Synset('durables.n.01'), Synset('consumer_goods.n.01'), Synset('commodity.n.01'), Synset('artifact.n.01')]","{0: {0: 0, 1: 1, 2: 2, 3: 3, 4: 4, 5: 5, 6: 6, 7: 7, 8: 8}, 1: {0: 1, 1: 1, 2: 2, 3: 3, 4: 4, 5: 5, 6: 6, 7: 7, 8: 8}, 2: {0: 2, 1: 2, 2: 2, 3: 3, 4: 4, 5: 5, 6: 6, 7: 7, 8: 8}, 3: {0: 3, 1: 3, 2: 3, 3: 3, 4: 4, 5: 5, 6: 6, 7: 7, 8: 8}, 4: {0: 4, 1: 4, 2: 4, 3: 4, 4: 4, 5: 5, 6: 6, 7: 7, 8: 8}, 5: {0: 5, 1: 5, 2: 5, 3: 5, 4: 5, 5: 5, 6: 6, 7: 7, 8: 8}, 6: {0: 6, 1: 6, 2: 6, 3: 6, 4: 6, 5: 6, 6: 6, 7: 7, 8: 7}}",0.076923077,1.072636802,0.454545455,0.461538462,7,3.11,furnace,stove
47,"{Synset('sorcerer.n.01'): 0, Synset('occultist.n.01'): 1, Synset('person.n.01'): 2, Synset('causal_agent.n.01'): 3, Synset('organism.n.01'): 3, Synset('physical_entity.n.01'): 4, Synset('living_thing.n.01'): 4, Synset('entity.n.01'): 5, Synset('whole.n.02'): 5, Synset('object.n.01'): 6, Synset('*ROOT*'): 7}","{Synset('sorcerer.n.01'): 0, Synset('occultist.n.01'): 1, Synset('person.n.01'): 2, Synset('causal_agent.n.01'): 3, Synset('organism.n.01'): 3, Synset('physical_entity.n.01'): 4, Synset('living_thing.n.01'): 4, Synset('entity.n.01'): 5, Synset('whole.n.02'): 5, Synset('object.n.01'): 6, Synset('*ROOT*'): 7}",Synset('sorcerer.n.01'),[Synset('sorcerer.n.01')],[Synset('sorcerer.n.01')],"{0: {0: 0, 1: 1}, 1: {0: 1, 1: 0}}",1,3.63758616,1,1,0,3.21,magician,wizard
48,"{Synset('hill.n.01'): 0, Synset('natural_elevation.n.01'): 1, Synset('geological_formation.n.01'): 2, Synset('object.n.01'): 3, Synset('physical_entity.n.01'): 4, Synset('entity.n.01'): 5, Synset('*ROOT*'): 6}","{Synset('knoll.n.01'): 0, Synset('hill.n.01'): 1, Synset('natural_elevation.n.01'): 2, Synset('geological_formation.n.01'): 3, Synset('object.n.01'): 4, Synset('physical_entity.n.01'): 5, Synset('entity.n.01'): 6, Synset('*ROOT*'): 7}",Synset('hill.n.01'),[Synset('hill.n.01')],"[Synset('knoll.n.01'), Synset('hill.n.01')]","{0: {0: 0, 1: 1, 2: 2}, 1: {0: 1, 1: 1, 2: 1}}",0.5,2.944438979,0.923076923,0.875,1,3.29,hill,mound
49,"{Synset('cord.n.01'): 0, Synset('line.n.18'): 1, Synset('artifact.n.01'): 2, Synset('whole.n.02'): 3, Synset('object.n.01'): 4, Synset('physical_entity.n.01'): 5, Synset('entity.n.01'): 6, Synset('*ROOT*'): 7}","{Synset('string.n.01'): 0, Synset('cord.n.01'): 1, Synset('line.n.18'): 2, Synset('artifact.n.01'): 3, Synset('whole.n.02'): 4, Synset('object.n.01'): 5, Synset('physical_entity.n.01'): 6, Synset('entity.n.01'): 7, Synset('*ROOT*'): 8}",Synset('cord.n.01'),[Synset('cord.n.01')],"[Synset('string.n.01'), Synset('cord.n.01')]","{0: {0: 0, 1: 1, 2: 2}, 1: {0: 1, 1: 1, 2: 1}}",0.5,2.944438979,0.933333333,0.888888889,1,3.41,cord,string
50,"{Synset('glass.n.02'): 0, Synset('container.n.01'): 1, Synset('instrumentality.n.03'): 2, Synset('artifact.n.01'): 3, Synset('whole.n.02'): 4, Synset('object.n.01'): 5, Synset('physical_entity.n.01'): 6, Synset('entity.n.01'): 7, Synset('*ROOT*'): 8}","{Synset('tumbler.n.02'): 0, Synset('glass.n.02'): 1, Synset('container.n.01'): 2, Synset('instrumentality.n.03'): 3, Synset('artifact.n.01'): 4, Synset('whole.n.02'): 5, Synset('object.n.01'): 6, Synset('physical_entity.n.01'): 7, Synset('entity.n.01'): 8, Synset('*ROOT*'): 9}",Synset('glass.n.02'),[Synset('glass.n.02')],"[Synset('tumbler.n.02'), Synset('glass.n.02')]","{0: {0: 0, 1: 1, 2: 2}, 1: {0: 1, 1: 1, 2: 1}}",0.5,2.944438979,0.941176471,0.9,1,3.45,glass,tumbler
51,"{Synset('smile.n.01'): 0, Synset('facial_expression.n.01'): 1, Synset('gesture.n.02'): 2, Synset('visual_communication.n.01'): 3, Synset('communication.n.02'): 4, Synset('abstraction.n.06'): 5, Synset('entity.n.01'): 6, Synset('*ROOT*'): 7}","{Synset('smile.n.01'): 0, Synset('facial_expression.n.01'): 1, Synset('gesture.n.02'): 2, Synset('visual_communication.n.01'): 3, Synset('communication.n.02'): 4, Synset('abstraction.n.06'): 5, Synset('entity.n.01'): 6, Synset('*ROOT*'): 7}",Synset('smile.n.01'),[Synset('smile.n.01')],[Synset('smile.n.01')],"{0: {0: 0, 1: 1}, 1: {0: 1, 1: 0}}",1,3.63758616,1,1,0,3.46,grin,smile
52,"{Synset('serf.n.01'): 0, Synset('thrall.n.02'): 1, Synset('bond_servant.n.01'): 2, Synset('slave.n.01'): 3, Synset('person.n.01'): 4, Synset('causal_agent.n.01'): 5, Synset('organism.n.01'): 5, Synset('physical_entity.n.01'): 6, Synset('living_thing.n.01'): 6, Synset('entity.n.01'): 7, Synset('whole.n.02'): 7, Synset('object.n.01'): 8, Synset('*ROOT*'): 9}","{Synset('slave.n.01'): 0, Synset('person.n.01'): 1, Synset('causal_agent.n.01'): 2, Synset('organism.n.01'): 2, Synset('physical_entity.n.01'): 3, Synset('living_thing.n.01'): 3, Synset('entity.n.01'): 4, Synset('whole.n.02'): 4, Synset('object.n.01'): 5, Synset('*ROOT*'): 6}",Synset('slave.n.01'),"[Synset('serf.n.01'), Synset('thrall.n.02'), Synset('bond_servant.n.01'), Synset('slave.n.01')]",[Synset('slave.n.01')],"{0: {0: 0, 1: 1}, 1: {0: 1, 1: 1}, 2: {0: 2, 1: 2}, 3: {0: 3, 1: 3}, 4: {0: 4, 1: 3}}",0.25,2.251291799,0.631578947,0.769230769,3,3.46,serf,slave
53,"{Synset('journey.n.01'): 0, Synset('travel.n.01'): 1, Synset('motion.n.06'): 2, Synset('change.n.03'): 3, Synset('action.n.01'): 4, Synset('act.n.02'): 5, Synset('event.n.01'): 6, Synset('psychological_feature.n.01'): 7, Synset('abstraction.n.06'): 8, Synset('entity.n.01'): 9, Synset('*ROOT*'): 10}","{Synset('voyage.n.02'): 0, Synset('journey.n.01'): 1, Synset('travel.n.01'): 2, Synset('motion.n.06'): 3, Synset('change.n.03'): 4, Synset('action.n.01'): 5, Synset('act.n.02'): 6, Synset('event.n.01'): 7, Synset('psychological_feature.n.01'): 8, Synset('abstraction.n.06'): 9, Synset('entity.n.01'): 10, Synset('*ROOT*'): 11}",Synset('journey.n.01'),[Synset('journey.n.01')],"[Synset('voyage.n.02'), Synset('journey.n.01')]","{0: {0: 0, 1: 1, 2: 2}, 1: {0: 1, 1: 1, 2: 1}}",0.5,2.944438979,0.952380952,0.916666667,1,3.58,journey,voyage
54,"{Synset('autograph.n.02'): 0, Synset('signature.n.01'): 1, Synset('name.n.01'): 2, Synset('language_unit.n.01'): 3, Synset('part.n.01'): 4, Synset('relation.n.01'): 5, Synset('abstraction.n.06'): 6, Synset('entity.n.01'): 7, Synset('*ROOT*'): 8}","{Synset('signature.n.01'): 0, Synset('name.n.01'): 1, Synset('language_unit.n.01'): 2, Synset('part.n.01'): 3, Synset('relation.n.01'): 4, Synset('abstraction.n.06'): 5, Synset('entity.n.01'): 6, Synset('*ROOT*'): 7}",Synset('signature.n.01'),"[Synset('autograph.n.02'), Synset('signature.n.01')]",[Synset('signature.n.01')],"{0: {0: 0, 1: 1}, 1: {0: 1, 1: 1}, 2: {0: 2, 1: 1}}",0.5,2.944438979,0.933333333,0.888888889,1,3.59,autograph,signature
55,"{Synset('seashore.n.01'): 0, Synset('shore.n.01'): 1, Synset('geological_formation.n.01'): 2, Synset('object.n.01'): 3, Synset('physical_entity.n.01'): 4, Synset('entity.n.01'): 5, Synset('*ROOT*'): 6}","{Synset('shore.n.01'): 0, Synset('geological_formation.n.01'): 1, Synset('object.n.01'): 2, Synset('physical_entity.n.01'): 3, Synset('entity.n.01'): 4, Synset('*ROOT*'): 5}",Synset('shore.n.01'),"[Synset('seashore.n.01'), Synset('shore.n.01')]",[Synset('shore.n.01')],"{0: {0: 0, 1: 1}, 1: {0: 1, 1: 1}, 2: {0: 2, 1: 1}}",0.5,2.944438979,0.909090909,0.857142857,1,3.6,coast,shore
56,"{Synset('forest.n.02'): 0, Synset('biome.n.01'): 1, Synset('land.n.04'): 1, Synset('community.n.06'): 2, Synset('object.n.01'): 2, Synset('group.n.01'): 3, Synset('physical_entity.n.01'): 3, Synset('abstraction.n.06'): 4, Synset('entity.n.01'): 4, Synset('*ROOT*'): 5}","{Synset('forest.n.02'): 0, Synset('biome.n.01'): 1, Synset('land.n.04'): 1, Synset('community.n.06'): 2, Synset('object.n.01'): 2, Synset('group.n.01'): 3, Synset('physical_entity.n.01'): 3, Synset('abstraction.n.06'): 4, Synset('entity.n.01'): 4, Synset('*ROOT*'): 5}",Synset('forest.n.02'),[Synset('forest.n.02')],[Synset('forest.n.02')],"{0: {0: 0, 1: 1}, 1: {0: 1, 1: 0}}",1,3.63758616,1,1,0,3.65,forest,woodland
57,"{Synset('implement.n.01'): 0, Synset('instrumentality.n.03'): 1, Synset('artifact.n.01'): 2, Synset('whole.n.02'): 3, Synset('object.n.01'): 4, Synset('physical_entity.n.01'): 5, Synset('entity.n.01'): 6, Synset('*ROOT*'): 7}","{Synset('tool.n.01'): 0, Synset('implement.n.01'): 1, Synset('instrumentality.n.03'): 2, Synset('artifact.n.01'): 3, Synset('whole.n.02'): 4, Synset('object.n.01'): 5, Synset('physical_entity.n.01'): 6, Synset('entity.n.01'): 7, Synset('*ROOT*'): 8}",Synset('implement.n.01'),[Synset('implement.n.01')],"[Synset('tool.n.01'), Synset('implement.n.01')]","{0: {0: 0, 1: 1, 2: 2}, 1: {0: 1, 1: 1, 2: 1}}",0.5,2.944438979,0.933333333,0.888888889,1,3.66,implement,tool
58,"{Synset('cock.n.04'): 0, Synset('chicken.n.02'): 1, Synset('domestic_fowl.n.01'): 2, Synset('gallinaceous_bird.n.01'): 3, Synset('bird.n.01'): 4, Synset('vertebrate.n.01'): 5, Synset('chordate.n.01'): 6, Synset('animal.n.01'): 7, Synset('organism.n.01'): 8, Synset('living_thing.n.01'): 9, Synset('whole.n.02'): 10, Synset('object.n.01'): 11, Synset('physical_entity.n.01'): 12, Synset('entity.n.01'): 13, Synset('*ROOT*'): 14}","{Synset('cock.n.04'): 0, Synset('chicken.n.02'): 1, Synset('domestic_fowl.n.01'): 2, Synset('gallinaceous_bird.n.01'): 3, Synset('bird.n.01'): 4, Synset('vertebrate.n.01'): 5, Synset('chordate.n.01'): 6, Synset('animal.n.01'): 7, Synset('organism.n.01'): 8, Synset('living_thing.n.01'): 9, Synset('whole.n.02'): 10, Synset('object.n.01'): 11, Synset('physical_entity.n.01'): 12, Synset('entity.n.01'): 13, Synset('*ROOT*'): 14}",Synset('cock.n.04'),[Synset('cock.n.04')],[Synset('cock.n.04')],"{0: {0: 0, 1: 1}, 1: {0: 1, 1: 0}}",1,3.63758616,1,1,0,3.68,cock,rooster
59,"{Synset('male_child.n.01'): 0, Synset('male.n.02'): 1, Synset('person.n.01'): 2, Synset('causal_agent.n.01'): 3, Synset('organism.n.01'): 3, Synset('physical_entity.n.01'): 4, Synset('living_thing.n.01'): 4, Synset('entity.n.01'): 5, Synset('whole.n.02'): 5, Synset('object.n.01'): 6, Synset('*ROOT*'): 7}","{Synset('cub.n.02'): 0, Synset('male_child.n.01'): 1, Synset('male.n.02'): 2, Synset('person.n.01'): 3, Synset('causal_agent.n.01'): 4, Synset('organism.n.01'): 4, Synset('physical_entity.n.01'): 5, Synset('living_thing.n.01'): 5, Synset('entity.n.01'): 6, Synset('whole.n.02'): 6, Synset('object.n.01'): 7, Synset('*ROOT*'): 8}",Synset('male_child.n.01'),[Synset('male_child.n.01')],"[Synset('cub.n.02'), Synset('male_child.n.01')]","{0: {0: 0, 1: 1, 2: 2}, 1: {0: 1, 1: 1, 2: 1}}",0.5,2.944438979,0.947368421,0.916666667,1,3.82,boy,lad
60,"{Synset('cushion.n.03'): 0, Synset('padding.n.01'): 1, Synset('artifact.n.01'): 2, Synset('whole.n.02'): 3, Synset('object.n.01'): 4, Synset('physical_entity.n.01'): 5, Synset('entity.n.01'): 6, Synset('*ROOT*'): 7}","{Synset('pillow.n.01'): 0, Synset('cushion.n.03'): 1, Synset('padding.n.01'): 2, Synset('artifact.n.01'): 3, Synset('whole.n.02'): 4, Synset('object.n.01'): 5, Synset('physical_entity.n.01'): 6, Synset('entity.n.01'): 7, Synset('*ROOT*'): 8}",Synset('cushion.n.03'),[Synset('cushion.n.03')],"[Synset('pillow.n.01'), Synset('cushion.n.03')]","{0: {0: 0, 1: 1, 2: 2}, 1: {0: 1, 1: 1, 2: 1}}",0.5,2.944438979,0.933333333,0.888888889,1,3.84,cushion,pillow
61,"{Synset('cemetery.n.01'): 0, Synset('site.n.01'): 1, Synset('tract.n.01'): 2, Synset('geographical_area.n.01'): 3, Synset('region.n.03'): 4, Synset('location.n.01'): 5, Synset('object.n.01'): 6, Synset('physical_entity.n.01'): 7, Synset('entity.n.01'): 8, Synset('*ROOT*'): 9}","{Synset('cemetery.n.01'): 0, Synset('site.n.01'): 1, Synset('tract.n.01'): 2, Synset('geographical_area.n.01'): 3, Synset('region.n.03'): 4, Synset('location.n.01'): 5, Synset('object.n.01'): 6, Synset('physical_entity.n.01'): 7, Synset('entity.n.01'): 8, Synset('*ROOT*'): 9}",Synset('cemetery.n.01'),[Synset('cemetery.n.01')],[Synset('cemetery.n.01')],"{0: {0: 0, 1: 1}, 1: {0: 1, 1: 0}}",1,3.63758616,1,1,0,3.88,cemetery,graveyard
62,"{Synset('car.n.01'): 0, Synset('motor_vehicle.n.01'): 1, Synset('self-propelled_vehicle.n.01'): 2, Synset('wheeled_vehicle.n.01'): 3, Synset('container.n.01'): 4, Synset('vehicle.n.01'): 4, Synset('instrumentality.n.03'): 5, Synset('conveyance.n.03'): 5, Synset('artifact.n.01'): 6, Synset('whole.n.02'): 7, Synset('object.n.01'): 8, Synset('physical_entity.n.01'): 9, Synset('entity.n.01'): 10, Synset('*ROOT*'): 11}","{Synset('car.n.01'): 0, Synset('motor_vehicle.n.01'): 1, Synset('self-propelled_vehicle.n.01'): 2, Synset('wheeled_vehicle.n.01'): 3, Synset('container.n.01'): 4, Synset('vehicle.n.01'): 4, Synset('instrumentality.n.03'): 5, Synset('conveyance.n.03'): 5, Synset('artifact.n.01'): 6, Synset('whole.n.02'): 7, Synset('object.n.01'): 8, Synset('physical_entity.n.01'): 9, Synset('entity.n.01'): 10, Synset('*ROOT*'): 11}",Synset('car.n.01'),[Synset('car.n.01')],[Synset('car.n.01')],"{0: {0: 0, 1: 1}, 1: {0: 1, 1: 0}}",1,3.63758616,1,1,0,3.92,automobile,car
63,"{Synset('noon.n.01'): 0, Synset('hour.n.02'): 1, Synset('clock_time.n.01'): 2, Synset('reading.n.03'): 3, Synset('datum.n.01'): 4, Synset('information.n.02'): 5, Synset('cognition.n.01'): 6, Synset('psychological_feature.n.01'): 7, Synset('abstraction.n.06'): 8, Synset('entity.n.01'): 9, Synset('*ROOT*'): 10}","{Synset('noon.n.01'): 0, Synset('hour.n.02'): 1, Synset('clock_time.n.01'): 2, Synset('reading.n.03'): 3, Synset('datum.n.01'): 4, Synset('information.n.02'): 5, Synset('cognition.n.01'): 6, Synset('psychological_feature.n.01'): 7, Synset('abstraction.n.06'): 8, Synset('entity.n.01'): 9, Synset('*ROOT*'): 10}",Synset('noon.n.01'),[Synset('noon.n.01')],[Synset('noon.n.01')],"{0: {0: 0, 1: 1}, 1: {0: 1, 1: 0}}",1,3.63758616,1,1,0,3.94,midday,noon
64,"{Synset('jewel.n.02'): 0, Synset('person.n.01'): 1, Synset('causal_agent.n.01'): 2, Synset('organism.n.01'): 2, Synset('physical_entity.n.01'): 3, Synset('living_thing.n.01'): 3, Synset('entity.n.01'): 4, Synset('whole.n.02'): 4, Synset('object.n.01'): 5, Synset('*ROOT*'): 6}","{Synset('jewel.n.02'): 0, Synset('person.n.01'): 1, Synset('causal_agent.n.01'): 2, Synset('organism.n.01'): 2, Synset('physical_entity.n.01'): 3, Synset('living_thing.n.01'): 3, Synset('entity.n.01'): 4, Synset('whole.n.02'): 4, Synset('object.n.01'): 5, Synset('*ROOT*'): 6}",Synset('jewel.n.02'),[Synset('jewel.n.02')],[Synset('jewel.n.02')],"{0: {0: 0, 1: 1}, 1: {0: 1, 1: 0}}",1,3.63758616,0.75,1,0,3.94,gem,jewel